,ID,Major,Graduated
0,281796,Anthropology,No
1,73334,Anthropology,No
2,270078,Anthropology,No
3,197784,Anthropology,No
4,218180,Anthropology,Yes
5,261720,Anthropology,Yes
6,233748,Anthropology,Yes
7,179156,Anthropology,No
8,244454,Anthropology,Yes
9,79692,Anthropology,No
10,242852,Anthropology,Yes
11,79694,Anthropology,Yes
12,124842,Anthropology,Yes
13,135482,Anthropology,No
14,233392,Anthropology,No
15,174554,Anthropology,Yes
16,195682,Anthropology,Yes
17,249750,Anthropology,Yes
18,244592,Anthropology,Yes
19,62708,Anthropology,Yes
20,77796,Anthropology,No
21,151018,Anthropology,No
22,207618,Anthropology,No
23,126190,Anthropology,No
24,274982,Anthropology,Yes
25,141298,Anthropology,No
26,79342,Anthropology,No
27,78718,Anthropology,No
28,282012,Anthropology,Yes
29,127020,Anthropology,No
30,141306,Anthropology,No
31,234558,Anthropology,No
32,175650,Anthropology,No
33,223124,Anthropology,No
34,141300,Anthropology,No
35,232838,Anthropology,No
36,229110,Anthropology,Yes
37,142790,Anthropology,Yes
38,75770,Anthropology,No
39,64788,Anthropology,Yes
40,223038,Anthropology,Yes
41,64890,Anthropology,Yes
42,72374,Anthropology,No
43,69122,Anthropology,No
44,62044,Anthropology,No
45,168368,Anthropology,Yes
46,183688,Anthropology,Yes
47,131702,Anthropology,Yes
48,75490,Anthropology,No
49,133768,Anthropology,Yes
50,98120,Anthropology,Yes
51,96702,Anthropology,Yes
52,91192,Anthropology,No
53,90116,Anthropology,No
54,89544,Anthropology,No
55,89362,Anthropology,No
56,86268,Anthropology,No
57,86908,Anthropology,No
58,95900,Anthropology,No
59,114458,Anthropology,No
60,121048,Anthropology,No
61,121452,Anthropology,No
62,227674,Anthropology,No
63,87962,Anthropology,No
64,92926,Anthropology,No
65,205710,Anthropology,Yes
66,213900,Anthropology,Yes
67,158902,Anthropology,Yes
68,111214,Anthropology,Yes
69,110810,Anthropology,Yes
70,122472,Anthropology,Yes
71,123570,Anthropology,Yes
72,122106,Anthropology,Yes
73,130316,Anthropology,No
74,206076,Anthropology,No
75,233930,Anthropology,Yes
76,207254,Anthropology,No
77,213676,Anthropology,No
78,200408,Anthropology,Yes
79,228386,Anthropology,Yes
80,216828,Anthropology,Yes
81,172522,Anthropology,No
82,239406,Anthropology,No
83,84800,Anthropology,Yes
84,136836,Anthropology,Yes
85,124412,Anthropology,Yes
86,264494,Anthropology,No
87,173992,Anthropology,No
88,262322,Anthropology,No
89,184472,Anthropology,No
90,201286,Anthropology,No
91,84240,Anthropology,No
92,269916,Applied Mathematical Sciences,No
93,169156,Applied Mathematical Sciences,No
94,282850,Applied Mathematical Sciences,No
95,151124,Applied Mathematical Sciences,No
96,176896,Applied Mathematical Sciences,No
97,148820,Applied Mathematical Sciences,No
98,153312,Applied Mathematical Sciences,Yes
99,213596,Applied Mathematical Sciences,Yes
100,242422,Applied Mathematical Sciences,Yes
101,269556,Applied Mathematical Sciences,Yes
102,77792,Applied Mathematical Sciences,Yes
103,253892,Applied Mathematical Sciences,Yes
104,99310,Applied Mathematical Sciences,No
105,96320,Applied Mathematical Sciences,No
106,67822,Applied Mathematical Sciences,No
107,174552,Applied Mathematical Sciences,No
108,282044,Applied Mathematical Sciences,Yes
109,64486,Applied Mathematical Sciences,No
110,242330,Applied Mathematical Sciences,No
111,64558,Applied Mathematical Sciences,Yes
112,255048,Applied Mathematical Sciences,Yes
113,245574,Applied Mathematical Sciences,Yes
114,116716,Applied Mathematical Sciences,No
115,123612,Applied Mathematical Sciences,No
116,63166,Applied Mathematical Sciences,No
117,160070,Applied Mathematical Sciences,No
118,81238,Applied Mathematical Sciences,Yes
119,77360,Applied Mathematical Sciences,Yes
120,140768,Applied Mathematical Sciences,No
121,185532,Applied Mathematical Sciences,No
122,153552,Applied Mathematical Sciences,No
123,273634,Applied Mathematical Sciences,Yes
124,123320,Applied Mathematical Sciences,No
125,229826,Applied Mathematical Sciences,No
126,61606,Applied Mathematical Sciences,No
127,209502,Applied Mathematical Sciences,No
128,165736,Applied Mathematical Sciences,Yes
129,250520,Applied Mathematical Sciences,Yes
130,167746,Applied Mathematical Sciences,No
131,152794,Applied Mathematical Sciences,Yes
132,68132,Applied Mathematical Sciences,Yes
133,71978,Applied Mathematical Sciences,Yes
134,66802,Applied Mathematical Sciences,Yes
135,110354,Applied Mathematical Sciences,No
136,62914,Applied Mathematical Sciences,No
137,161388,Applied Mathematical Sciences,No
138,82300,Applied Mathematical Sciences,Yes
139,60784,Applied Mathematical Sciences,No
140,97156,Bioengineering,No
141,280078,Bioengineering,No
142,74948,Bioengineering,No
143,280630,Bioengineering,No
144,65530,Bioengineering,No
145,172516,Bioengineering,No
146,281700,Bioengineering,No
147,281070,Bioengineering,No
148,141922,Bioengineering,No
149,66140,Bioengineering,Yes
150,119870,Bioengineering,Yes
151,281294,Bioengineering,Yes
152,77824,Bioengineering,Yes
153,69580,Bioengineering,Yes
154,146264,Bioengineering,Yes
155,198216,Bioengineering,No
156,60970,Bioengineering,Yes
157,119110,Bioengineering,No
158,147508,Bioengineering,No
159,279618,Bioengineering,No
160,64898,Bioengineering,Yes
161,149848,Bioengineering,Yes
162,196638,Bioengineering,Yes
163,176998,Bioengineering,No
164,202538,Bioengineering,No
165,170902,Bioengineering,No
166,53004,Bioengineering,Yes
167,81990,Bioengineering,No
168,99644,Bioengineering,No
169,283646,Bioengineering,No
170,284882,Bioengineering,No
171,35684,Bioengineering,No
172,48890,Bioengineering,Yes
173,120318,Bioengineering,No
174,71030,Bioengineering,Yes
175,149590,Bioengineering,Yes
176,240692,Bioengineering,Yes
177,199650,Bioengineering,No
178,275770,Bioengineering,Yes
179,36438,Bioengineering,Yes
180,196834,Bioengineering,Yes
181,82232,Bioengineering,No
182,77708,Bioengineering,No
183,100888,Bioengineering,No
184,124072,Bioengineering,No
185,260804,Bioengineering,No
186,142256,Bioengineering,Yes
187,176646,Bioengineering,Yes
188,129376,Bioengineering,Yes
189,131448,Bioengineering,Yes
190,191882,Bioengineering,No
191,71896,Bioengineering,Yes
192,165258,Bioengineering,Yes
193,254434,Bioengineering,Yes
194,256694,Bioengineering,Yes
195,282608,Bioengineering,Yes
196,251548,Bioengineering,Yes
197,165066,Bioengineering,No
198,219096,Bioengineering,No
199,181734,Bioengineering,No
200,235920,Bioengineering,Yes
201,190194,Biological Sciences,No
202,180604,Biological Sciences,No
203,86088,Biological Sciences,No
204,134980,Biological Sciences,No
205,279498,Biological Sciences,No
206,271280,Biological Sciences,No
207,276138,Biological Sciences,No
208,84348,Biological Sciences,No
209,75568,Biological Sciences,No
210,74970,Biological Sciences,No
211,76182,Biological Sciences,No
212,77634,Biological Sciences,No
213,87336,Biological Sciences,No
214,116810,Biological Sciences,No
215,101620,Biological Sciences,No
216,210058,Biological Sciences,No
217,254944,Biological Sciences,No
218,67600,Biological Sciences,No
219,72080,Biological Sciences,No
220,60782,Biological Sciences,No
221,84898,Biological Sciences,No
222,136060,Biological Sciences,No
223,175396,Biological Sciences,No
224,76916,Biological Sciences,No
225,77830,Biological Sciences,No
226,75358,Biological Sciences,No
227,144572,Biological Sciences,No
228,154518,Biological Sciences,No
229,113886,Biological Sciences,No
230,168664,Biological Sciences,No
231,67552,Biological Sciences,Yes
232,74244,Biological Sciences,Yes
233,161098,Biological Sciences,No
234,96584,Biological Sciences,No
235,121492,Biological Sciences,No
236,172552,Biological Sciences,No
237,174384,Biological Sciences,Yes
238,149022,Biological Sciences,No
239,239362,Biological Sciences,No
240,260348,Biological Sciences,No
241,77068,Biological Sciences,No
242,272424,Biological Sciences,No
243,29826,Biological Sciences,No
244,257590,Biological Sciences,No
245,262000,Biological Sciences,Yes
246,179220,Biological Sciences,Yes
247,261528,Biological Sciences,Yes
248,239066,Biological Sciences,No
249,138626,Biological Sciences,No
250,134222,Biological Sciences,No
251,153564,Biological Sciences,No
252,283706,Biological Sciences,No
253,74866,Biological Sciences,No
254,108934,Biological Sciences,No
255,69086,Biological Sciences,No
256,86972,Biological Sciences,No
257,181270,Biological Sciences,Yes
258,202688,Biological Sciences,Yes
259,140848,Biological Sciences,Yes
260,251698,Biological Sciences,Yes
261,184298,Biological Sciences,Yes
262,154658,Biological Sciences,Yes
263,273924,Biological Sciences,Yes
264,253562,Biological Sciences,Yes
265,268640,Biological Sciences,Yes
266,160122,Biological Sciences,Yes
267,186018,Biological Sciences,Yes
268,67258,Biological Sciences,Yes
269,129460,Biological Sciences,Yes
270,273350,Biological Sciences,Yes
271,169920,Biological Sciences,Yes
272,245318,Biological Sciences,Yes
273,251640,Biological Sciences,Yes
274,247466,Biological Sciences,Yes
275,95042,Biological Sciences,Yes
276,158696,Biological Sciences,Yes
277,180660,Biological Sciences,Yes
278,166636,Biological Sciences,Yes
279,166126,Biological Sciences,Yes
280,65636,Biological Sciences,Yes
281,38936,Biological Sciences,Yes
282,78112,Biological Sciences,Yes
283,197912,Biological Sciences,Yes
284,202302,Biological Sciences,Yes
285,265910,Biological Sciences,Yes
286,257096,Biological Sciences,Yes
287,273114,Biological Sciences,Yes
288,188060,Biological Sciences,No
289,79286,Biological Sciences,Yes
290,86642,Biological Sciences,Yes
291,112682,Biological Sciences,Yes
292,67496,Biological Sciences,Yes
293,70994,Biological Sciences,Yes
294,69038,Biological Sciences,Yes
295,84092,Biological Sciences,Yes
296,74754,Biological Sciences,Yes
297,74416,Biological Sciences,Yes
298,68888,Biological Sciences,Yes
299,164528,Biological Sciences,No
300,163440,Biological Sciences,No
301,171780,Biological Sciences,Yes
302,209146,Biological Sciences,No
303,271656,Biological Sciences,No
304,254892,Biological Sciences,Yes
305,171898,Biological Sciences,Yes
306,267300,Biological Sciences,Yes
307,262168,Biological Sciences,Yes
308,113982,Biological Sciences,No
309,277362,Biological Sciences,No
310,281786,Biological Sciences,Yes
311,65578,Biological Sciences,No
312,29652,Biological Sciences,No
313,284078,Biological Sciences,Yes
314,277546,Biological Sciences,No
315,146068,Biological Sciences,Yes
316,128392,Biological Sciences,Yes
317,65008,Biological Sciences,Yes
318,78168,Biological Sciences,Yes
319,74964,Biological Sciences,Yes
320,29750,Biological Sciences,Yes
321,142054,Biological Sciences,Yes
322,79590,Biological Sciences,Yes
323,285116,Biological Sciences,Yes
324,200312,Biological Sciences,Yes
325,29658,Biological Sciences,Yes
326,66260,Biological Sciences,Yes
327,107852,Biological Sciences,Yes
328,80302,Biological Sciences,No
329,285206,Biological Sciences,No
330,85826,Biological Sciences,No
331,278160,Biological Sciences,No
332,198728,Biological Sciences,No
333,56784,Biological Sciences,No
334,72738,Biological Sciences,No
335,155890,Biological Sciences,No
336,122538,Biological Sciences,No
337,68316,Biological Sciences,No
338,96054,Biological Sciences,No
339,146060,Biological Sciences,No
340,71802,Biological Sciences,No
341,164092,Biological Sciences,No
342,78534,Biological Sciences,Yes
343,102712,Biological Sciences,Yes
344,148796,Biological Sciences,Yes
345,72638,Biological Sciences,Yes
346,181944,Biological Sciences,Yes
347,173894,Biological Sciences,Yes
348,70838,Biological Sciences,Yes
349,183496,Biological Sciences,Yes
350,283658,Biological Sciences,Yes
351,66572,Biological Sciences,Yes
352,174324,Biological Sciences,No
353,168926,Biological Sciences,No
354,81934,Biological Sciences,No
355,239348,Biological Sciences,No
356,271098,Biological Sciences,No
357,272840,Biological Sciences,Yes
358,219214,Biological Sciences,Yes
359,176366,Biological Sciences,Yes
360,176304,Biological Sciences,Yes
361,180216,Biological Sciences,Yes
362,280924,Biological Sciences,No
363,66850,Biological Sciences,No
364,123284,Biological Sciences,No
365,225610,Biological Sciences,Yes
366,278726,Biological Sciences,Yes
367,68828,Biological Sciences,No
368,147024,Biological Sciences,No
369,68560,Biological Sciences,No
370,69078,Biological Sciences,No
371,163022,Biological Sciences,No
372,260408,Biological Sciences,No
373,68716,Biological Sciences,Yes
374,264732,Biological Sciences,Yes
375,269020,Biological Sciences,Yes
376,80284,Biological Sciences,No
377,88322,Biological Sciences,No
378,152626,Biological Sciences,No
379,260488,Biological Sciences,No
380,60786,Biological Sciences,No
381,264100,Biological Sciences,Yes
382,66876,Biological Sciences,No
383,61254,Biological Sciences,No
384,44476,Biological Sciences,No
385,174430,Biological Sciences,No
386,101848,Biological Sciences,No
387,65206,Biological Sciences,No
388,281082,Biological Sciences,No
389,67514,Biological Sciences,No
390,46426,Biological Sciences,No
391,182680,Biological Sciences,No
392,52802,Biological Sciences,Yes
393,58290,Biological Sciences,Yes
394,165886,Biological Sciences,Yes
395,65554,Biological Sciences,Yes
396,185662,Biological Sciences,Yes
397,33396,Biological Sciences,No
398,75854,Biological Sciences,No
399,29384,Biological Sciences,No
400,76960,Biological Sciences,No
401,116398,Biological Sciences,No
402,108578,Biological Sciences,No
403,135192,Biological Sciences,No
404,117794,Biological Sciences,No
405,67772,Biological Sciences,No
406,67858,Biological Sciences,No
407,188570,Biological Sciences,No
408,144098,Biological Sciences,No
409,103406,Biological Sciences,No
410,67748,Biological Sciences,No
411,65644,Biological Sciences,No
412,168932,Biological Sciences,No
413,75276,Biological Sciences,Yes
414,107846,Biological Sciences,Yes
415,73672,Biological Sciences,Yes
416,103126,Biological Sciences,No
417,199436,Biological Sciences,No
418,272824,Biological Sciences,No
419,61840,Biological Sciences,No
420,61360,Biological Sciences,No
421,73880,Biological Sciences,No
422,78288,Biological Sciences,No
423,162886,Biological Sciences,No
424,180958,Biological Sciences,No
425,32744,Biological Sciences,No
426,129886,Biological Sciences,Yes
427,263964,Biological Sciences,Yes
428,84044,Biological Sciences,Yes
429,282576,Biological Sciences,Yes
430,271556,Biological Sciences,Yes
431,272270,Biological Sciences,Yes
432,170412,Biological Sciences,Yes
433,233368,Biological Sciences,Yes
434,66246,Biological Sciences,Yes
435,244054,Biological Sciences,No
436,129572,Biological Sciences,No
437,74606,Biological Sciences,Yes
438,68860,Biological Sciences,No
439,34330,Biological Sciences,No
440,74942,Biological Sciences,No
441,63796,Biological Sciences,No
442,218226,Biological Sciences,No
443,76498,Biological Sciences,Yes
444,77460,Biological Sciences,Yes
445,186776,Biological Sciences,Yes
446,69010,Biological Sciences,Yes
447,102408,Biological Sciences,Yes
448,180858,Biological Sciences,Yes
449,75712,Biological Sciences,No
450,122988,Biological Sciences,No
451,166330,Biological Sciences,No
452,158466,Biological Sciences,No
453,240680,Biological Sciences,No
454,151190,Biological Sciences,No
455,15936,Biological Sciences,No
456,262654,Biological Sciences,No
457,170618,Biological Sciences,No
458,67532,Biological Sciences,No
459,74770,Biological Sciences,No
460,233380,Biological Sciences,Yes
461,246444,Biological Sciences,Yes
462,240740,Biological Sciences,Yes
463,131972,Biological Sciences,Yes
464,125344,Biological Sciences,Yes
465,267104,Biological Sciences,Yes
466,70286,Biological Sciences,No
467,60506,Biological Sciences,Yes
468,77020,Biological Sciences,No
469,183902,Biological Sciences,No
470,153330,Biological Sciences,No
471,97188,Biological Sciences,No
472,164008,Biological Sciences,Yes
473,97698,Biological Sciences,Yes
474,66508,Biological Sciences,Yes
475,245896,Biological Sciences,Yes
476,75020,Biological Sciences,Yes
477,179954,Biological Sciences,No
478,76190,Biological Sciences,No
479,283434,Biological Sciences,No
480,62586,Biological Sciences,No
481,222896,Biological Sciences,Yes
482,159050,Biological Sciences,Yes
483,137478,Biological Sciences,Yes
484,132038,Biological Sciences,Yes
485,63006,Biological Sciences,Yes
486,69428,Biological Sciences,Yes
487,166882,Biological Sciences,Yes
488,166856,Biological Sciences,Yes
489,173918,Biological Sciences,Yes
490,256904,Biological Sciences,Yes
491,67638,Biological Sciences,Yes
492,268944,Biological Sciences,Yes
493,63586,Biological Sciences,Yes
494,126046,Biological Sciences,Yes
495,282524,Biological Sciences,Yes
496,183674,Biological Sciences,Yes
497,176496,Biological Sciences,Yes
498,279960,Biological Sciences,Yes
499,282994,Biological Sciences,Yes
500,159242,Biological Sciences,Yes
501,165838,Biological Sciences,Yes
502,270410,Biological Sciences,Yes
503,138472,Biological Sciences,No
504,265166,Biological Sciences,No
505,112812,Biological Sciences,No
506,70062,Biological Sciences,No
507,70328,Biological Sciences,No
508,206128,Biological Sciences,No
509,234654,Biological Sciences,No
510,202666,Biological Sciences,No
511,123026,Biological Sciences,No
512,65342,Biological Sciences,No
513,138776,Biological Sciences,No
514,282478,Biological Sciences,No
515,78828,Biological Sciences,No
516,75010,Biological Sciences,No
517,67364,Biological Sciences,No
518,144768,Biological Sciences,Yes
519,235756,Biological Sciences,Yes
520,261476,Biological Sciences,Yes
521,174638,Biological Sciences,Yes
522,240788,Biological Sciences,No
523,97226,Biological Sciences,Yes
524,181030,Biological Sciences,Yes
525,272522,Biological Sciences,Yes
526,114450,Biological Sciences,Yes
527,122332,Biological Sciences,Yes
528,100806,Biological Sciences,Yes
529,281320,Biological Sciences,Yes
530,161304,Biological Sciences,No
531,175860,Biological Sciences,No
532,94844,Biological Sciences,No
533,190064,Biological Sciences,No
534,155642,Biological Sciences,No
535,249806,Biological Sciences,No
536,68012,Biological Sciences,No
537,95798,Biological Sciences,No
538,88612,Biological Sciences,No
539,118642,Biological Sciences,No
540,74134,Biological Sciences,No
541,153424,Biological Sciences,No
542,126336,Biological Sciences,No
543,136082,Biological Sciences,No
544,74246,Biological Sciences,No
545,115556,Biological Sciences,No
546,67764,Biological Sciences,Yes
547,74760,Biological Sciences,Yes
548,74296,Biological Sciences,Yes
549,73748,Biological Sciences,Yes
550,137298,Biological Sciences,Yes
551,209392,Biological Sciences,Yes
552,270136,Biological Sciences,Yes
553,61172,Biological Sciences,Yes
554,74884,Biological Sciences,Yes
555,124316,Biological Sciences,Yes
556,77780,Biological Sciences,Yes
557,123766,Biological Sciences,Yes
558,151246,Biological Sciences,Yes
559,78408,Biological Sciences,Yes
560,67100,Biological Sciences,Yes
561,61762,Biological Sciences,Yes
562,251240,Biological Sciences,Yes
563,66550,Biological Sciences,Yes
564,80460,Biological Sciences,No
565,189456,Biological Sciences,No
566,65838,Biological Sciences,Yes
567,198162,Biological Sciences,Yes
568,231566,Biological Sciences,No
569,159128,Biological Sciences,No
570,181308,Biological Sciences,No
571,273658,Biological Sciences,Yes
572,67314,Biological Sciences,Yes
573,272834,Biological Sciences,Yes
574,117224,Biological Sciences,Yes
575,148314,Biological Sciences,No
576,152684,Biological Sciences,Yes
577,199680,Biological Sciences,Yes
578,173158,Biological Sciences,No
579,196140,Biological Sciences,No
580,67860,Biological Sciences,No
581,91952,Biological Sciences,No
582,178446,Biological Sciences,No
583,165716,Biological Sciences,No
584,116882,Biological Sciences,No
585,77838,Biological Sciences,Yes
586,69646,Biological Sciences,No
587,118820,Biological Sciences,No
588,222606,Biological Sciences,No
589,68658,Biological Sciences,Yes
590,238914,Biological Sciences,Yes
591,191786,Biological Sciences,Yes
592,137428,Biological Sciences,Yes
593,278974,Biological Sciences,Yes
594,199080,Biological Sciences,Yes
595,276922,Biological Sciences,Yes
596,256850,Biological Sciences,Yes
597,281706,Biological Sciences,Yes
598,188418,Biological Sciences,Yes
599,110788,Biological Sciences,Yes
600,238122,Biological Sciences,No
601,67288,Biological Sciences,No
602,212728,Biological Sciences,No
603,168594,Biological Sciences,No
604,183408,Biological Sciences,No
605,85948,Biological Sciences,No
606,65448,Biological Sciences,No
607,97158,Biological Sciences,No
608,278022,Biological Sciences,No
609,77812,Biological Sciences,No
610,101524,Biological Sciences,Yes
611,281780,Biological Sciences,Yes
612,252044,Biological Sciences,Yes
613,282278,Biological Sciences,Yes
614,279206,Biological Sciences,Yes
615,252842,Biological Sciences,Yes
616,118852,Biological Sciences,Yes
617,192656,Biological Sciences,No
618,280556,Biological Sciences,No
619,89680,Biological Sciences,No
620,174406,Biological Sciences,No
621,268712,Biological Sciences,No
622,257704,Biological Sciences,No
623,177798,Biological Sciences,No
624,153934,Biological Sciences,No
625,175212,Biological Sciences,No
626,145200,Biological Sciences,No
627,250184,Biological Sciences,No
628,149244,Biological Sciences,No
629,273064,Biological Sciences,Yes
630,88482,Biological Sciences,No
631,261892,Biological Sciences,No
632,278248,Biological Sciences,No
633,74044,Biological Sciences,Yes
634,97026,Chemical Sciences,No
635,129818,Chemical Sciences,No
636,129732,Chemical Sciences,No
637,67014,Chemical Sciences,No
638,108976,Chemical Sciences,No
639,112592,Chemical Sciences,No
640,137234,Chemical Sciences,No
641,179212,Chemical Sciences,No
642,284880,Chemical Sciences,Yes
643,280590,Chemical Sciences,Yes
644,133668,Chemical Sciences,No
645,103968,Chemical Sciences,No
646,65462,Chemical Sciences,Yes
647,74864,Chemical Sciences,No
648,183632,Chemical Sciences,No
649,273892,Chemical Sciences,No
650,279428,Chemical Sciences,Yes
651,71770,Chemical Sciences,Yes
652,67618,Chemical Sciences,Yes
653,77474,Chemical Sciences,Yes
654,152800,Chemical Sciences,Yes
655,102688,Chemical Sciences,Yes
656,84802,Chemical Sciences,No
657,77488,Chemical Sciences,No
658,142072,Chemical Sciences,No
659,78244,Chemical Sciences,Yes
660,280264,Chemical Sciences,No
661,85952,Chemical Sciences,No
662,273164,Chemical Sciences,No
663,270292,Chemical Sciences,Yes
664,70408,Chemical Sciences,Yes
665,269802,Chemical Sciences,No
666,80804,Chemical Sciences,No
667,67650,Chemical Sciences,No
668,183168,Chemical Sciences,No
669,203120,Chemical Sciences,No
670,109066,Chemical Sciences,Yes
671,109046,Chemical Sciences,No
672,114740,Chemical Sciences,No
673,95502,Chemical Sciences,No
674,149326,Chemical Sciences,No
675,66868,Chemical Sciences,Yes
676,65088,Chemical Sciences,Yes
677,123758,Chemical Sciences,No
678,126216,Chemical Sciences,No
679,273308,Chemical Sciences,No
680,101516,Chemical Sciences,Yes
681,186254,Chemical Sciences,No
682,61368,Chemical Sciences,No
683,110752,Chemical Sciences,No
684,158454,Chemical Sciences,No
685,65168,Chemical Sciences,No
686,263966,Chemical Sciences,Yes
687,33480,Chemical Sciences,No
688,63618,Chemical Sciences,No
689,78266,Chemical Sciences,Yes
690,65418,Chemical Sciences,Yes
691,282696,Chemical Sciences,Yes
692,70636,Chemical Sciences,Yes
693,155196,Chemical Sciences,No
694,119524,Chemical Sciences,No
695,283740,Chemical Sciences,Yes
696,97846,Chemical Sciences,No
697,102508,Chemical Sciences,Yes
698,77926,Chemical Sciences,Yes
699,177014,Chemical Sciences,No
700,222626,Chemical Sciences,No
701,67498,Chemical Sciences,Yes
702,105076,Chemical Sciences,Yes
703,227576,Chemical Sciences,Yes
704,278638,Chemical Sciences,Yes
705,71856,Chemical Sciences,Yes
706,81090,Chemical Sciences,No
707,103204,Chemical Sciences,No
708,104980,Chemical Sciences,Yes
709,74906,Chemical Sciences,No
710,146150,Chemical Sciences,No
711,176850,Chemical Sciences,No
712,183086,Chemical Sciences,Yes
713,67338,Chemical Sciences,No
714,223342,Chemical Sciences,No
715,69342,Chemical Sciences,Yes
716,111100,Chemical Sciences,Yes
717,206116,Chemical Sciences,Yes
718,278586,Chemical Sciences,No
719,185074,Chemical Sciences,Yes
720,224048,Chemical Sciences,No
721,75416,Chemical Sciences,No
722,265308,Computer Science & Engineering,No
723,83196,Computer Science & Engineering,No
724,75138,Computer Science & Engineering,No
725,280002,Computer Science & Engineering,No
726,148100,Computer Science & Engineering,No
727,67596,Computer Science & Engineering,No
728,74130,Computer Science & Engineering,No
729,198016,Computer Science & Engineering,No
730,175626,Computer Science & Engineering,Yes
731,174456,Computer Science & Engineering,Yes
732,179270,Computer Science & Engineering,No
733,170874,Computer Science & Engineering,No
734,225210,Computer Science & Engineering,No
735,132536,Computer Science & Engineering,No
736,177446,Computer Science & Engineering,No
737,248806,Computer Science & Engineering,Yes
738,165162,Computer Science & Engineering,Yes
739,179390,Computer Science & Engineering,No
740,273036,Computer Science & Engineering,No
741,107012,Computer Science & Engineering,No
742,73518,Computer Science & Engineering,No
743,70392,Computer Science & Engineering,No
744,262682,Computer Science & Engineering,Yes
745,240260,Computer Science & Engineering,Yes
746,236784,Computer Science & Engineering,Yes
747,79670,Computer Science & Engineering,Yes
748,189550,Computer Science & Engineering,Yes
749,256366,Computer Science & Engineering,Yes
750,233364,Computer Science & Engineering,Yes
751,120206,Computer Science & Engineering,Yes
752,181042,Computer Science & Engineering,No
753,229764,Computer Science & Engineering,No
754,84128,Computer Science & Engineering,Yes
755,64320,Computer Science & Engineering,Yes
756,73494,Computer Science & Engineering,Yes
757,243314,Computer Science & Engineering,Yes
758,66026,Computer Science & Engineering,Yes
759,150448,Computer Science & Engineering,No
760,169160,Computer Science & Engineering,No
761,203754,Computer Science & Engineering,Yes
762,168990,Computer Science & Engineering,Yes
763,202244,Computer Science & Engineering,Yes
764,238318,Computer Science & Engineering,No
765,219864,Computer Science & Engineering,No
766,248310,Computer Science & Engineering,Yes
767,65220,Computer Science & Engineering,Yes
768,125126,Computer Science & Engineering,Yes
769,66398,Computer Science & Engineering,Yes
770,176390,Computer Science & Engineering,Yes
771,75098,Computer Science & Engineering,No
772,87072,Computer Science & Engineering,No
773,66496,Computer Science & Engineering,No
774,74844,Computer Science & Engineering,Yes
775,153808,Computer Science & Engineering,Yes
776,256916,Computer Science & Engineering,Yes
777,224814,Computer Science & Engineering,No
778,157546,Computer Science & Engineering,No
779,279302,Computer Science & Engineering,No
780,242548,Computer Science & Engineering,No
781,114376,Computer Science & Engineering,No
782,74582,Computer Science & Engineering,Yes
783,123382,Computer Science & Engineering,No
784,279938,Computer Science & Engineering,No
785,267450,Computer Science & Engineering,No
786,70896,Computer Science & Engineering,No
787,32452,Computer Science & Engineering,No
788,98774,Computer Science & Engineering,No
789,65204,Computer Science & Engineering,No
790,54840,Computer Science & Engineering,No
791,57936,Computer Science & Engineering,No
792,281696,Computer Science & Engineering,No
793,191634,Computer Science & Engineering,No
794,52352,Computer Science & Engineering,Yes
795,151378,Computer Science & Engineering,Yes
796,279170,Computer Science & Engineering,No
797,144412,Computer Science & Engineering,No
798,180368,Computer Science & Engineering,No
799,125138,Computer Science & Engineering,No
800,99910,Computer Science & Engineering,No
801,234328,Computer Science & Engineering,Yes
802,67546,Computer Science & Engineering,Yes
803,221396,Computer Science & Engineering,Yes
804,190504,Computer Science & Engineering,No
805,281680,Computer Science & Engineering,No
806,244862,Computer Science & Engineering,No
807,195268,Computer Science & Engineering,No
808,39234,Computer Science & Engineering,No
809,237800,Computer Science & Engineering,Yes
810,31462,Computer Science & Engineering,Yes
811,281688,Computer Science & Engineering,Yes
812,93582,Computer Science & Engineering,Yes
813,79312,Computer Science & Engineering,Yes
814,76888,Computer Science & Engineering,No
815,76862,Computer Science & Engineering,Yes
816,77828,Computer Science & Engineering,No
817,187232,Computer Science & Engineering,Yes
818,149330,Computer Science & Engineering,Yes
819,141784,Computer Science & Engineering,No
820,99418,Computer Science & Engineering,No
821,153388,Computer Science & Engineering,Yes
822,159664,Computer Science & Engineering,Yes
823,178732,Computer Science & Engineering,No
824,112234,Computer Science & Engineering,No
825,79080,Computer Science & Engineering,No
826,160226,Computer Science & Engineering,No
827,77500,Computer Science & Engineering,No
828,74610,Computer Science & Engineering,No
829,222726,Computer Science & Engineering,Yes
830,78456,Computer Science & Engineering,Yes
831,39232,Computer Science & Engineering,Yes
832,162102,Computer Science & Engineering,Yes
833,190088,Computer Science & Engineering,Yes
834,63674,Computer Science & Engineering,No
835,45720,Computer Science & Engineering,Yes
836,149398,Computer Science & Engineering,Yes
837,64312,Computer Science & Engineering,Yes
838,236688,Computer Science & Engineering,Yes
839,184370,Computer Science & Engineering,No
840,86902,Computer Science & Engineering,No
841,67418,Computer Science & Engineering,No
842,106690,Computer Science & Engineering,No
843,68020,Computer Science & Engineering,No
844,208220,Computer Science & Engineering,No
845,271476,Computer Science & Engineering,Yes
846,165064,Computer Science & Engineering,Yes
847,282242,Computer Science & Engineering,Yes
848,112270,Computer Science & Engineering,Yes
849,91548,Computer Science & Engineering,Yes
850,264422,Computer Science & Engineering,Yes
851,253454,Computer Science & Engineering,No
852,209514,Computer Science & Engineering,No
853,67580,Computer Science & Engineering,Yes
854,70980,Computer Science & Engineering,Yes
855,163220,Computer Science & Engineering,Yes
856,74344,Computer Science & Engineering,Yes
857,67926,Computer Science & Engineering,Yes
858,199108,Computer Science & Engineering,No
859,261900,Computer Science & Engineering,No
860,68178,Computer Science & Engineering,Yes
861,248354,Computer Science & Engineering,No
862,159350,Computer Science & Engineering,No
863,279644,Computer Science & Engineering,No
864,74990,Computer Science & Engineering,No
865,155912,Computer Science & Engineering,No
866,34018,Computer Science & Engineering,No
867,161594,Computer Science & Engineering,Yes
868,87620,Computer Science & Engineering,Yes
869,106742,Computer Science & Engineering,Yes
870,85918,Computer Science & Engineering,Yes
871,149644,Computer Science & Engineering,Yes
872,75534,Computer Science & Engineering,Yes
873,115958,Computer Science & Engineering,Yes
874,119348,Computer Science & Engineering,Yes
875,141894,Computer Science & Engineering,Yes
876,161130,Computer Science & Engineering,No
877,177516,Computer Science & Engineering,No
878,153664,Computer Science & Engineering,No
879,199106,Computer Science & Engineering,No
880,202740,Computer Science & Engineering,No
881,61652,Computer Science & Engineering,Yes
882,127950,Computer Science & Engineering,Yes
883,203022,Computer Science & Engineering,Yes
884,241630,Computer Science & Engineering,Yes
885,117270,Computer Science & Engineering,No
886,162758,Computer Science & Engineering,No
887,250352,Computer Science & Engineering,No
888,282908,Computer Science & Engineering,No
889,100686,Computer Science & Engineering,No
890,272060,Computer Science & Engineering,No
891,63578,Computer Science & Engineering,Yes
892,182620,Computer Science & Engineering,Yes
893,148624,Computer Science & Engineering,No
894,169020,Computer Science & Engineering,No
895,188156,Computer Science & Engineering,No
896,77130,Computer Science & Engineering,Yes
897,63018,Computer Science & Engineering,No
898,78218,Computer Science & Engineering,Yes
899,132612,Computer Science & Engineering,No
900,162124,Computer Science & Engineering,No
901,167172,Computer Science & Engineering,No
902,147700,Economics,No
903,124914,Economics,Yes
904,232222,Economics,Yes
905,87076,Economics,Yes
906,76658,Economics,No
907,76956,Economics,No
908,132152,Economics,Yes
909,240984,Economics,Yes
910,278524,Economics,Yes
911,176860,Economics,Yes
912,77918,Economics,Yes
913,284568,Economics,Yes
914,99968,Economics,Yes
915,67626,Economics,Yes
916,238940,Economics,Yes
917,153744,Economics,Yes
918,189160,Economics,Yes
919,164002,Economics,Yes
920,264024,Economics,No
921,266046,Economics,No
922,64740,Economics,Yes
923,114672,Economics,Yes
924,208580,Economics,Yes
925,153558,Economics,No
926,96550,Economics,Yes
927,272056,Economics,Yes
928,242052,Economics,Yes
929,149336,Economics,No
930,184100,Economics,Yes
931,182666,Economics,No
932,119066,Economics,No
933,63354,Economics,No
934,111484,Economics,No
935,82540,Economics,No
936,119116,Economics,No
937,228872,Economics,No
938,221380,Economics,No
939,189226,Economics,No
940,130612,Economics,Yes
941,49284,Economics,No
942,78346,Economics,No
943,76474,Economics,No
944,206538,Economics,No
945,176892,Economics,Yes
946,76208,Economics,Yes
947,219344,Economics,Yes
948,153586,Economics,Yes
949,285358,Economics,Yes
950,279012,Economics,No
951,79304,Economics,Yes
952,78046,Economics,Yes
953,230358,Economics,Yes
954,74654,Economics,Yes
955,74904,Economics,No
956,149144,Economics,Yes
957,279808,Economics,Yes
958,199740,Economics,No
959,67920,Economics,Yes
960,74556,Economics,Yes
961,236810,Economics,Yes
962,62482,Economics,Yes
963,231076,Economics,Yes
964,74204,Economics,Yes
965,215158,Economics,No
966,151648,Economics,No
967,156718,Economics,No
968,71842,Economics,No
969,35782,Economics,Yes
970,154254,Economics,Yes
971,96680,Economics,Yes
972,157522,Economics,No
973,182618,Economics,No
974,64264,Economics,No
975,278926,Economics,Yes
976,206666,Economics,Yes
977,213844,Economics,No
978,209308,Economics,No
979,72172,Economics,Yes
980,282186,Economics,Yes
981,159450,Economics,Yes
982,175560,Economics,No
983,151578,History,No
984,271652,History,No
985,280616,History,No
986,154108,History,No
987,221886,History,No
988,78096,History,Yes
989,123140,History,No
990,273826,History,Yes
991,161544,History,Yes
992,265432,History,No
993,118222,History,Yes
994,123838,History,No
995,71902,History,No
996,154664,History,No
997,65458,History,Yes
998,231882,History,Yes
999,150138,History,No
1000,84722,History,Yes
1001,183500,History,No
1002,117464,History,Yes
1003,117944,History,No
1004,264342,History,Yes
1005,249658,History,No
1006,283584,History,Yes
1007,120058,History,No
1008,107756,History,No
1009,143500,History,No
1010,126548,History,No
1011,75122,History,Yes
1012,75930,History,Yes
1013,153672,History,No
1014,164082,History,Yes
1015,237372,History,No
1016,65456,History,Yes
1017,260446,History,Yes
1018,112032,History,Yes
1019,262338,History,Yes
1020,180900,History,No
1021,262768,History,Yes
1022,216376,History,No
1023,182836,History,No
1024,281110,History,No
1025,107544,Management & Business Economics,No
1026,170382,Management & Business Economics,No
1027,231822,Management & Business Economics,No
1028,249290,Management & Business Economics,No
1029,64596,Management & Business Economics,No
1030,182390,Management & Business Economics,No
1031,69692,Management & Business Economics,No
1032,151836,Management & Business Economics,No
1033,183758,Management & Business Economics,No
1034,148420,Management & Business Economics,Yes
1035,172272,Management & Business Economics,No
1036,156670,Management & Business Economics,Yes
1037,213752,Management & Business Economics,No
1038,246696,Management & Business Economics,No
1039,222490,Management & Business Economics,No
1040,80972,Management & Business Economics,Yes
1041,66778,Management & Business Economics,Yes
1042,157462,Management & Business Economics,Yes
1043,114822,Management & Business Economics,Yes
1044,172956,Management & Business Economics,Yes
1045,188782,Management & Business Economics,Yes
1046,77126,Management & Business Economics,Yes
1047,229658,Management & Business Economics,Yes
1048,67456,Management & Business Economics,Yes
1049,86512,Management & Business Economics,Yes
1050,176980,Management & Business Economics,No
1051,164502,Management & Business Economics,No
1052,174290,Management & Business Economics,No
1053,175130,Management & Business Economics,Yes
1054,211024,Management & Business Economics,Yes
1055,173556,Management & Business Economics,No
1056,60992,Management & Business Economics,No
1057,245908,Management & Business Economics,No
1058,180796,Management & Business Economics,No
1059,60716,Management & Business Economics,Yes
1060,62088,Management & Business Economics,No
1061,264534,Management & Business Economics,No
1062,257288,Management & Business Economics,No
1063,152444,Management & Business Economics,Yes
1064,63374,Management & Business Economics,Yes
1065,69952,Management & Business Economics,Yes
1066,74902,Management & Business Economics,Yes
1067,22980,Management & Business Economics,Yes
1068,95600,Management & Business Economics,Yes
1069,66490,Management & Business Economics,Yes
1070,258006,Management & Business Economics,Yes
1071,118590,Management & Business Economics,No
1072,154144,Management & Business Economics,No
1073,156530,Management & Business Economics,Yes
1074,208748,Management & Business Economics,Yes
1075,96746,Management & Business Economics,Yes
1076,154776,Management & Business Economics,Yes
1077,121190,Management & Business Economics,No
1078,190526,Management & Business Economics,Yes
1079,123724,Management & Business Economics,Yes
1080,72626,Management & Business Economics,Yes
1081,259118,Management & Business Economics,Yes
1082,183890,Management & Business Economics,Yes
1083,75392,Management & Business Economics,No
1084,226706,Management & Business Economics,Yes
1085,69736,Management & Business Economics,Yes
1086,196076,Management & Business Economics,Yes
1087,71016,Management & Business Economics,Yes
1088,238248,Management & Business Economics,No
1089,89682,Management & Business Economics,No
1090,77688,Management & Business Economics,No
1091,72130,Management & Business Economics,No
1092,57040,Management & Business Economics,No
1093,38384,Management & Business Economics,No
1094,184482,Management & Business Economics,No
1095,191776,Management & Business Economics,No
1096,191566,Management & Business Economics,Yes
1097,89298,Management & Business Economics,Yes
1098,91570,Management & Business Economics,Yes
1099,141028,Management & Business Economics,No
1100,124776,Management & Business Economics,No
1101,180264,Management & Business Economics,No
1102,187928,Management & Business Economics,No
1103,229150,Management & Business Economics,No
1104,174444,Management & Business Economics,No
1105,174460,Management & Business Economics,No
1106,185198,Management & Business Economics,Yes
1107,75374,Management & Business Economics,Yes
1108,163508,Management & Business Economics,No
1109,153666,Management & Business Economics,No
1110,32800,Management & Business Economics,No
1111,50218,Management & Business Economics,No
1112,186224,Management & Business Economics,No
1113,190502,Management & Business Economics,No
1114,245828,Management & Business Economics,No
1115,219812,Management & Business Economics,No
1116,167540,Management & Business Economics,Yes
1117,281048,Management & Business Economics,Yes
1118,188140,Management & Business Economics,No
1119,283624,Management & Business Economics,No
1120,281186,Management & Business Economics,No
1121,282404,Management & Business Economics,Yes
1122,199648,Management & Business Economics,No
1123,182704,Management & Business Economics,No
1124,237896,Management & Business Economics,No
1125,206868,Management & Business Economics,Yes
1126,99476,Management & Business Economics,Yes
1127,178518,Management & Business Economics,Yes
1128,275310,Management & Business Economics,Yes
1129,152500,Management & Business Economics,Yes
1130,163638,Management & Business Economics,Yes
1131,63704,Management & Business Economics,Yes
1132,243250,Management & Business Economics,No
1133,176858,Management & Business Economics,No
1134,174938,Management & Business Economics,Yes
1135,220294,Management & Business Economics,Yes
1136,111162,Management & Business Economics,Yes
1137,244682,Management & Business Economics,Yes
1138,164142,Management & Business Economics,No
1139,124340,Management & Business Economics,No
1140,69586,Management & Business Economics,No
1141,223440,Management & Business Economics,No
1142,175184,Management & Business Economics,Yes
1143,126090,Management & Business Economics,No
1144,74038,Management & Business Economics,No
1145,67466,Management & Business Economics,No
1146,99218,Management & Business Economics,Yes
1147,273190,Management & Business Economics,Yes
1148,135258,Management & Business Economics,No
1149,96872,Management & Business Economics,Yes
1150,178762,Management & Business Economics,Yes
1151,97828,Management & Business Economics,Yes
1152,280634,Management & Business Economics,Yes
1153,168986,Management & Business Economics,Yes
1154,238042,Management & Business Economics,Yes
1155,186400,Management & Business Economics,No
1156,138118,Management & Business Economics,No
1157,171192,Management & Business Economics,Yes
1158,177342,Management & Business Economics,Yes
1159,239178,Management & Business Economics,No
1160,222776,Management & Business Economics,No
1161,46302,Management & Business Economics,Yes
1162,171116,Management & Business Economics,Yes
1163,183784,Management & Business Economics,Yes
1164,216184,Management & Business Economics,Yes
1165,74794,Management & Business Economics,Yes
1166,253104,Management & Business Economics,Yes
1167,251326,Management & Business Economics,Yes
1168,244732,Management & Business Economics,Yes
1169,246716,Management & Business Economics,Yes
1170,262766,Management & Business Economics,No
1171,262030,Management & Business Economics,Yes
1172,283400,Management & Business Economics,No
1173,193486,Management & Business Economics,Yes
1174,61096,Management & Business Economics,No
1175,263880,Management & Business Economics,Yes
1176,264896,Mechanical Engineering,No
1177,233316,Mechanical Engineering,No
1178,153608,Mechanical Engineering,No
1179,67026,Mechanical Engineering,Yes
1180,101496,Mechanical Engineering,No
1181,162346,Mechanical Engineering,Yes
1182,77952,Mechanical Engineering,Yes
1183,269844,Mechanical Engineering,No
1184,86430,Mechanical Engineering,No
1185,134478,Mechanical Engineering,Yes
1186,90348,Mechanical Engineering,No
1187,124140,Mechanical Engineering,No
1188,92780,Mechanical Engineering,Yes
1189,175704,Mechanical Engineering,Yes
1190,247748,Mechanical Engineering,Yes
1191,190174,Mechanical Engineering,Yes
1192,108924,Mechanical Engineering,Yes
1193,126966,Mechanical Engineering,Yes
1194,110602,Mechanical Engineering,Yes
1195,73768,Mechanical Engineering,Yes
1196,113394,Mechanical Engineering,No
1197,161738,Mechanical Engineering,Yes
1198,167376,Mechanical Engineering,Yes
1199,220726,Mechanical Engineering,No
1200,263410,Mechanical Engineering,No
1201,258692,Mechanical Engineering,No
1202,220084,Mechanical Engineering,Yes
1203,265848,Mechanical Engineering,No
1204,271846,Mechanical Engineering,Yes
1205,13598,Mechanical Engineering,No
1206,282692,Mechanical Engineering,Yes
1207,62022,Mechanical Engineering,No
1208,78482,Mechanical Engineering,Yes
1209,231016,Mechanical Engineering,Yes
1210,216954,Mechanical Engineering,Yes
1211,264698,Mechanical Engineering,Yes
1212,67406,Mechanical Engineering,Yes
1213,155358,Mechanical Engineering,No
1214,261102,Mechanical Engineering,Yes
1215,67398,Mechanical Engineering,Yes
1216,100590,Mechanical Engineering,Yes
1217,120922,Mechanical Engineering,No
1218,274640,Mechanical Engineering,No
1219,148328,Mechanical Engineering,Yes
1220,143616,Mechanical Engineering,Yes
1221,65188,Mechanical Engineering,Yes
1222,149168,Mechanical Engineering,No
1223,113356,Mechanical Engineering,No
1224,141222,Mechanical Engineering,No
1225,174980,Mechanical Engineering,No
1226,222398,Mechanical Engineering,No
1227,251852,Mechanical Engineering,No
1228,84210,Mechanical Engineering,Yes
1229,106022,Mechanical Engineering,Yes
1230,97452,Mechanical Engineering,No
1231,177076,Mechanical Engineering,No
1232,67360,Mechanical Engineering,No
1233,150974,Mechanical Engineering,No
1234,66410,Mechanical Engineering,No
1235,191124,Mechanical Engineering,No
1236,76598,Mechanical Engineering,Yes
1237,189988,Mechanical Engineering,Yes
1238,46406,Mechanical Engineering,No
1239,68684,Mechanical Engineering,No
1240,181260,Mechanical Engineering,Yes
1241,78336,Mechanical Engineering,No
1242,114208,Mechanical Engineering,No
1243,68336,Mechanical Engineering,No
1244,113390,Mechanical Engineering,No
1245,113156,Mechanical Engineering,No
1246,65780,Mechanical Engineering,Yes
1247,78358,Mechanical Engineering,Yes
1248,154258,Mechanical Engineering,Yes
1249,120002,Mechanical Engineering,No
1250,264426,Mechanical Engineering,No
1251,189372,Mechanical Engineering,No
1252,74004,Mechanical Engineering,Yes
1253,277188,Mechanical Engineering,Yes
1254,279146,Mechanical Engineering,Yes
1255,60672,Mechanical Engineering,Yes
1256,67070,Mechanical Engineering,No
1257,77736,Mechanical Engineering,No
1258,245512,Mechanical Engineering,No
1259,94660,Mechanical Engineering,No
1260,78898,Mechanical Engineering,Yes
1261,113048,Mechanical Engineering,No
1262,88020,Mechanical Engineering,No
1263,65896,Mechanical Engineering,No
1264,153600,Mechanical Engineering,No
1265,134910,Mechanical Engineering,No
1266,170130,Mechanical Engineering,No
1267,266542,Mechanical Engineering,No
1268,163426,Mechanical Engineering,No
1269,123056,Mechanical Engineering,Yes
1270,280718,Mechanical Engineering,No
1271,159980,Mechanical Engineering,No
1272,156634,Mechanical Engineering,Yes
1273,139108,Mechanical Engineering,Yes
1274,275928,Mechanical Engineering,Yes
1275,260376,Mechanical Engineering,Yes
1276,281106,Mechanical Engineering,Yes
1277,77804,Mechanical Engineering,Yes
1278,65248,Mechanical Engineering,No
1279,89606,Mechanical Engineering,No
1280,243548,Mechanical Engineering,No
1281,73880,Mechanical Engineering,No
1282,259048,Mechanical Engineering,No
1283,202598,Mechanical Engineering,No
1284,180478,Mechanical Engineering,No
1285,78156,Mechanical Engineering,No
1286,152652,Mechanical Engineering,No
1287,77496,Mechanical Engineering,Yes
1288,174810,Mechanical Engineering,Yes
1289,76320,Mechanical Engineering,Yes
1290,230594,Mechanical Engineering,No
1291,175904,Mechanical Engineering,No
1292,153482,Mechanical Engineering,Yes
1293,158266,Mechanical Engineering,Yes
1294,110462,Mechanical Engineering,Yes
1295,13552,Mechanical Engineering,No
1296,177902,Mechanical Engineering,No
1297,253348,Mechanical Engineering,Yes
1298,190856,Mechanical Engineering,No
1299,75976,Mechanical Engineering,No
1300,73796,Mechanical Engineering,No
1301,75942,Mechanical Engineering,Yes
1302,249630,Mechanical Engineering,No
1303,261872,Mechanical Engineering,No
1304,148138,Mechanical Engineering,No
1305,203850,Mechanical Engineering,No
1306,224588,Mechanical Engineering,Yes
1307,275916,Mechanical Engineering,Yes
1308,110096,Mechanical Engineering,Yes
1309,247726,Mechanical Engineering,Yes
1310,153630,Mechanical Engineering,Yes
1311,81432,Mechanical Engineering,No
1312,168496,Mechanical Engineering,Yes
1313,158684,Mechanical Engineering,Yes
1314,163854,Mechanical Engineering,Yes
1315,66660,Mechanical Engineering,Yes
1316,77608,Political Science,No
1317,78188,Political Science,No
1318,83916,Political Science,Yes
1319,242424,Political Science,No
1320,283168,Political Science,No
1321,272806,Political Science,No
1322,155342,Political Science,No
1323,130028,Political Science,No
1324,284248,Political Science,No
1325,130734,Political Science,Yes
1326,68772,Political Science,No
1327,62634,Political Science,Yes
1328,279576,Political Science,Yes
1329,73200,Political Science,Yes
1330,168950,Political Science,Yes
1331,269782,Political Science,Yes
1332,262098,Political Science,Yes
1333,63342,Political Science,No
1334,67826,Political Science,Yes
1335,161466,Political Science,No
1336,170148,Political Science,Yes
1337,157630,Political Science,Yes
1338,148246,Political Science,No
1339,209154,Political Science,No
1340,266006,Political Science,Yes
1341,71570,Political Science,No
1342,67414,Political Science,No
1343,279226,Political Science,No
1344,62380,Political Science,No
1345,69180,Political Science,No
1346,284316,Political Science,Yes
1347,69546,Political Science,Yes
1348,281816,Political Science,Yes
1349,158870,Political Science,Yes
1350,285164,Political Science,Yes
1351,160316,Political Science,No
1352,161672,Political Science,No
1353,157674,Political Science,Yes
1354,77752,Political Science,Yes
1355,267308,Political Science,Yes
1356,281084,Political Science,No
1357,75076,Political Science,No
1358,264180,Political Science,No
1359,161558,Political Science,Yes
1360,75396,Political Science,No
1361,70552,Political Science,No
1362,74508,Political Science,No
1363,119368,Political Science,No
1364,74040,Political Science,No
1365,72978,Political Science,Yes
1366,101628,Political Science,Yes
1367,273494,Political Science,No
1368,71692,Political Science,No
1369,140208,Political Science,No
1370,263428,Political Science,No
1371,66584,Political Science,No
1372,264952,Political Science,No
1373,282076,Political Science,Yes
1374,239820,Political Science,Yes
1375,275354,Political Science,Yes
1376,177932,Political Science,No
1377,281428,Political Science,Yes
1378,277698,Political Science,Yes
1379,73244,Political Science,No
1380,74532,Political Science,No
1381,229448,Political Science,No
1382,28026,Political Science,No
1383,152648,Political Science,No
1384,145996,Political Science,No
1385,72990,Political Science,Yes
1386,261506,Political Science,Yes
1387,137858,Political Science,No
1388,174328,Political Science,Yes
1389,279342,Political Science,Yes
1390,114918,Political Science,No
1391,192140,Political Science,No
1392,197774,Political Science,Yes
1393,175842,Political Science,No
1394,73564,Political Science,Yes
1395,142372,Political Science,No
1396,171108,Political Science,Yes
1397,172796,Political Science,Yes
1398,211774,Political Science,Yes
1399,239870,Political Science,Yes
1400,239886,Political Science,Yes
1401,239556,Political Science,No
1402,250286,Political Science,No
1403,175906,Political Science,No
1404,270848,Political Science,No
1405,67152,Political Science,No
1406,66482,Political Science,Yes
1407,201448,Political Science,Yes
1408,74542,Psychology,No
1409,158672,Psychology,No
1410,73610,Psychology,No
1411,78352,Psychology,No
1412,229378,Psychology,No
1413,78428,Psychology,No
1414,270172,Psychology,No
1415,282806,Psychology,No
1416,280048,Psychology,No
1417,85640,Psychology,No
1418,63812,Psychology,No
1419,63052,Psychology,No
1420,130660,Psychology,No
1421,78248,Psychology,No
1422,75412,Psychology,Yes
1423,94028,Psychology,No
1424,97598,Psychology,No
1425,69190,Psychology,No
1426,159792,Psychology,No
1427,248262,Psychology,Yes
1428,166352,Psychology,No
1429,174218,Psychology,No
1430,64522,Psychology,Yes
1431,116274,Psychology,Yes
1432,170558,Psychology,No
1433,186800,Psychology,No
1434,178476,Psychology,Yes
1435,235738,Psychology,No
1436,179006,Psychology,No
1437,230928,Psychology,No
1438,217392,Psychology,No
1439,144070,Psychology,No
1440,67750,Psychology,No
1441,183294,Psychology,Yes
1442,171120,Psychology,Yes
1443,165830,Psychology,Yes
1444,108672,Psychology,Yes
1445,190444,Psychology,Yes
1446,172048,Psychology,Yes
1447,283032,Psychology,Yes
1448,78050,Psychology,Yes
1449,61608,Psychology,Yes
1450,244470,Psychology,Yes
1451,283090,Psychology,Yes
1452,282836,Psychology,Yes
1453,76428,Psychology,Yes
1454,67484,Psychology,No
1455,126464,Psychology,Yes
1456,177702,Psychology,Yes
1457,156754,Psychology,Yes
1458,76752,Psychology,Yes
1459,74780,Psychology,Yes
1460,68650,Psychology,Yes
1461,258696,Psychology,Yes
1462,154804,Psychology,No
1463,121228,Psychology,No
1464,174540,Psychology,No
1465,147934,Psychology,Yes
1466,148926,Psychology,Yes
1467,165642,Psychology,Yes
1468,211434,Psychology,No
1469,220010,Psychology,No
1470,229502,Psychology,No
1471,172788,Psychology,No
1472,279714,Psychology,No
1473,195094,Psychology,No
1474,64556,Psychology,Yes
1475,67610,Psychology,Yes
1476,74522,Psychology,Yes
1477,67090,Psychology,Yes
1478,34370,Psychology,Yes
1479,133960,Psychology,Yes
1480,108916,Psychology,No
1481,105256,Psychology,No
1482,78104,Psychology,Yes
1483,95804,Psychology,Yes
1484,75616,Psychology,Yes
1485,60978,Psychology,No
1486,95392,Psychology,No
1487,121144,Psychology,No
1488,116244,Psychology,No
1489,96218,Psychology,No
1490,60920,Psychology,No
1491,75120,Psychology,No
1492,267548,Psychology,No
1493,67530,Psychology,Yes
1494,273146,Psychology,Yes
1495,285282,Psychology,Yes
1496,65146,Psychology,Yes
1497,73402,Psychology,Yes
1498,170814,Psychology,Yes
1499,120666,Psychology,Yes
1500,178166,Psychology,Yes
1501,153806,Psychology,No
1502,165254,Psychology,Yes
1503,279108,Psychology,Yes
1504,67278,Psychology,Yes
1505,273300,Psychology,No
1506,165692,Psychology,No
1507,64126,Psychology,No
1508,186110,Psychology,No
1509,89462,Psychology,No
1510,101878,Psychology,No
1511,61010,Psychology,No
1512,237220,Psychology,No
1513,279218,Psychology,No
1514,77148,Psychology,No
1515,193990,Psychology,No
1516,74434,Psychology,Yes
1517,279798,Psychology,Yes
1518,141036,Psychology,No
1519,116916,Psychology,No
1520,61274,Psychology,No
1521,174488,Psychology,No
1522,68528,Psychology,No
1523,99246,Psychology,No
1524,163684,Psychology,No
1525,277056,Psychology,Yes
1526,276730,Psychology,Yes
1527,280974,Psychology,Yes
1528,64344,Psychology,Yes
1529,248288,Psychology,Yes
1530,264590,Psychology,No
1531,69432,Psychology,No
1532,64332,Psychology,No
1533,197520,Psychology,No
1534,209110,Psychology,No
1535,153410,Psychology,No
1536,73790,Psychology,No
1537,186622,Psychology,Yes
1538,91044,Psychology,Yes
1539,282310,Psychology,Yes
1540,70702,Psychology,Yes
1541,74596,Psychology,Yes
1542,85548,Psychology,No
1543,76902,Psychology,No
1544,110220,Psychology,No
1545,281056,Psychology,No
1546,69124,Psychology,No
1547,278068,Psychology,Yes
1548,68848,Psychology,Yes
1549,281664,Psychology,Yes
1550,187138,Psychology,Yes
1551,97402,Psychology,No
1552,52472,Psychology,No
1553,276386,Psychology,Yes
1554,270696,Psychology,No
1555,154662,Psychology,No
1556,78178,Psychology,No
1557,77680,Psychology,No
1558,276136,Psychology,No
1559,105166,Psychology,Yes
1560,224506,Psychology,Yes
1561,72514,Psychology,Yes
1562,263188,Psychology,No
1563,272478,Psychology,Yes
1564,78024,Psychology,Yes
1565,206064,Psychology,Yes
1566,124194,Psychology,Yes
1567,152736,Psychology,Yes
1568,182830,Psychology,Yes
1569,271798,Psychology,Yes
1570,89790,Psychology,Yes
1571,172438,Psychology,Yes
1572,248378,Psychology,Yes
1573,283628,Psychology,Yes
1574,81678,Psychology,Yes
1575,278598,Psychology,Yes
1576,167542,Psychology,Yes
1577,99512,Psychology,Yes
1578,145386,Psychology,Yes
1579,203458,Psychology,Yes
1580,177102,Psychology,Yes
1581,246748,Psychology,Yes
1582,202860,Psychology,No
1583,148584,Psychology,No
1584,258856,Psychology,No
1585,243600,Psychology,No
1586,192170,Psychology,No
1587,108186,Psychology,No
1588,102496,Psychology,No
1589,68682,Psychology,No
1590,78164,Psychology,No
1591,122534,Psychology,Yes
1592,67874,Psychology,Yes
1593,76914,Psychology,Yes
1594,125800,Psychology,No
1595,141346,Psychology,Yes
1596,280618,Psychology,Yes
1597,173842,Psychology,Yes
1598,266124,Psychology,Yes
1599,119074,Psychology,Yes
1600,92366,Psychology,Yes
1601,283042,Psychology,Yes
1602,63014,Psychology,No
1603,201490,Psychology,No
1604,276182,Psychology,Yes
1605,165982,Psychology,Yes
1606,79350,Psychology,Yes
1607,282320,Psychology,Yes
1608,45822,Psychology,Yes
1609,78326,Psychology,No
1610,182932,Psychology,Yes
1611,279940,Psychology,Yes
1612,77882,Psychology,Yes
1613,225612,Psychology,No
1614,174006,Psychology,No
1615,123858,Psychology,Yes
1616,153974,Psychology,Yes
1617,261800,Psychology,No
1618,67136,Psychology,Yes
1619,192396,Psychology,Yes
1620,152808,Psychology,No
1621,122784,Psychology,No
1622,162374,Psychology,Yes
1623,87710,Psychology,No
1624,238934,Psychology,Yes
1625,109386,Psychology,Yes
1626,199470,Psychology,Yes
1627,169858,Psychology,Yes
1628,160422,Psychology,Yes
1629,249250,Psychology,Yes
1630,216102,Psychology,Yes
1631,76432,Psychology,Yes
1632,184050,Psychology,No
1633,266156,Psychology,Yes
1634,127560,Psychology,No
1635,281394,Psychology,No
1636,123068,Psychology,No
1637,280220,Psychology,Yes
1638,163502,Psychology,No
1639,242994,Psychology,No
1640,165608,Psychology,No
1641,104066,Psychology,No
1642,85306,Psychology,Yes
1643,175500,Psychology,Yes
1644,101748,Psychology,No
1645,78208,Psychology,Yes
1646,200172,Psychology,No
1647,284560,Psychology,Yes
1648,30888,Sociology,No
1649,75438,Sociology,Yes
1650,282066,Sociology,Yes
1651,275282,Sociology,No
1652,153380,Sociology,Yes
1653,63630,Sociology,Yes
1654,188576,Sociology,No
1655,80306,Sociology,No
1656,62990,Sociology,Yes
1657,153620,Sociology,No
1658,78674,Sociology,Yes
1659,149952,Sociology,Yes
1660,180134,Sociology,Yes
1661,264978,Sociology,Yes
1662,183520,Sociology,No
1663,64896,Sociology,Yes
1664,65502,Sociology,No
1665,161634,Sociology,Yes
1666,65110,Sociology,No
1667,192714,Sociology,No
1668,113440,Sociology,No
1669,100188,Sociology,No
1670,108016,Sociology,No
1671,163650,Sociology,Yes
1672,156118,Sociology,Yes
1673,174360,Sociology,Yes
1674,122590,Sociology,No
1675,124326,Sociology,No
1676,241766,Sociology,Yes
1677,66184,Sociology,No
1678,75664,Sociology,No
1679,101830,Sociology,Yes
1680,132286,Sociology,No
1681,228362,Sociology,No
1682,212618,Sociology,No
1683,174266,Sociology,Yes
1684,133820,Sociology,Yes
1685,271676,Sociology,Yes
1686,107790,Sociology,Yes
1687,187140,Sociology,No
1688,199642,Sociology,No
1689,122716,Sociology,No
1690,120628,Sociology,No
1691,104682,Sociology,No
1692,275710,Sociology,Yes
1693,67034,Sociology,Yes
1694,152494,Sociology,Yes
1695,177670,Sociology,Yes
1696,63238,Sociology,Yes
1697,68708,Sociology,Yes
1698,190582,Sociology,Yes
1699,67384,Sociology,Yes
1700,65954,Sociology,Yes
1701,149204,Sociology,Yes
1702,173846,Sociology,Yes
1703,173530,Sociology,No
1704,231012,Sociology,No
1705,71924,Sociology,No
1706,255994,Sociology,Yes
1707,71614,Sociology,Yes
1708,276008,Sociology,Yes
1709,96408,Sociology,No
1710,284820,Sociology,Yes
1711,172050,Sociology,Yes
1712,111810,Sociology,Yes
1713,67208,Undeclared,No
1714,72712,Undeclared,No
1715,276260,Undeclared,No
1716,277800,Undeclared,No
1717,69548,Undeclared,No
1718,165280,Undeclared,No
1719,108330,Undeclared,No
1720,78458,Undeclared,No
1721,72272,Undeclared,No
1722,77502,Undeclared,No
1723,75142,Undeclared,No
1724,72624,Undeclared,No
1725,186502,Undeclared,No
1726,264360,Undeclared,No
1727,76632,Undeclared,No
1728,208306,Undeclared,No
1729,217462,Undeclared,No
1730,79140,Undeclared,No
1731,239792,Undeclared,No
1732,86474,Undeclared,No
1733,173974,Undeclared,No
1734,267816,Undeclared,No
1735,271660,Undeclared,No
1736,76600,Undeclared,No
1737,85770,Undeclared,No
1738,63820,Undeclared,No
1739,65658,Undeclared,No
1740,182828,Undeclared,No
1741,123064,Undeclared,No
1742,212416,Undeclared,Yes
1743,159440,Undeclared,No
1744,146002,Undeclared,Yes
1745,66674,Undeclared,No
1746,76836,Undeclared,Yes
1747,197564,Undeclared,Yes
1748,210524,Undeclared,Yes
1749,110510,Undeclared,No
1750,86578,Undeclared,No
1751,172034,Undeclared,No
1752,173602,Undeclared,No
1753,83880,Undeclared,No
1754,166086,Undeclared,Yes
1755,149996,Undeclared,No
1756,242684,Undeclared,No
1757,175334,Undeclared,No
1758,153626,Undeclared,No
1759,124280,Undeclared,Yes
1760,150984,Undeclared,Yes
1761,166224,Undeclared,No
1762,174986,Undeclared,No
1763,168740,Undeclared,No
1764,174868,Undeclared,Yes
1765,209046,Undeclared,Yes
1766,219892,Undeclared,No
1767,35892,Undeclared,No
1768,283744,Undeclared,No
1769,234292,Undeclared,No
1770,208798,Undeclared,No
1771,249626,Undeclared,Yes
1772,99978,Undeclared,Yes
1773,132546,Undeclared,Yes
1774,82712,Undeclared,Yes
1775,67684,Undeclared,Yes
1776,111198,Undeclared,Yes
1777,128092,Undeclared,Yes
1778,77132,Undeclared,Yes
1779,204222,Undeclared,No
1780,170236,Undeclared,Yes
1781,145652,Undeclared,Yes
1782,280074,Undeclared,Yes
1783,194574,Undeclared,No
1784,66004,Undeclared,No
1785,67648,Undeclared,No
1786,72984,Undeclared,No
1787,114212,Undeclared,No
1788,125298,Undeclared,No
1789,73780,Undeclared,No
1790,70432,Undeclared,No
1791,63110,Undeclared,No
1792,210712,Undeclared,No
1793,108996,Undeclared,Yes
1794,74962,Undeclared,Yes
1795,71124,Undeclared,Yes
1796,154324,Undeclared,Yes
1797,276962,Undeclared,Yes
1798,118106,Undeclared,Yes
1799,205852,Undeclared,Yes
1800,209504,Undeclared,Yes
1801,199548,Undeclared,Yes
1802,216684,Undeclared,Yes
1803,190360,Undeclared,Yes
1804,65764,Undeclared,Yes
1805,204794,Undeclared,Yes
1806,176958,Undeclared,Yes
1807,194160,Undeclared,Yes
1808,235310,Undeclared,Yes
1809,210512,Undeclared,Yes
1810,99768,Undeclared,Yes
1811,207852,Undeclared,Yes
1812,131698,Undeclared,Yes
1813,189532,Undeclared,Yes
1814,202116,Undeclared,Yes
1815,195876,Undeclared,Yes
1816,204300,Undeclared,Yes
1817,201858,Undeclared,Yes
1818,216092,Undeclared,Yes
1819,208872,Undeclared,Yes
1820,210560,Undeclared,Yes
1821,191908,Undeclared,Yes
1822,186070,Undeclared,Yes
1823,217252,Undeclared,Yes
1824,178442,Undeclared,Yes
1825,211772,Undeclared,Yes
1826,85844,Undeclared,Yes
1827,189968,Undeclared,Yes
1828,184836,Undeclared,Yes
1829,205062,Undeclared,Yes
1830,84252,Undeclared,Yes
1831,105846,Undeclared,Yes
1832,146296,Undeclared,Yes
1833,199466,Undeclared,Yes
1834,158596,Undeclared,Yes
1835,66068,Undeclared,Yes
1836,219268,Undeclared,Yes
1837,92536,Undeclared,Yes
1838,77744,Undeclared,Yes
1839,174698,Undeclared,Yes
1840,233388,Undeclared,Yes
1841,115932,Undeclared,Yes
1842,280398,Undeclared,Yes
1843,261040,Undeclared,Yes
1844,272814,Undeclared,Yes
1845,67312,Undeclared,No
1846,48498,Undeclared,No
1847,65306,Undeclared,No
1848,114400,Undeclared,Yes
1849,150768,Undeclared,Yes
1850,108050,Undeclared,Yes
1851,77152,Undeclared,Yes
1852,85168,Undeclared,Yes
1853,74026,Undeclared,Yes
1854,65170,Undeclared,Yes
1855,121538,Undeclared,Yes
1856,65406,Undeclared,Yes
1857,108960,Undeclared,Yes
1858,242960,Undeclared,Yes
1859,76022,Undeclared,Yes
1860,66402,Undeclared,Yes
1861,115326,Undeclared,Yes
1862,220134,Undeclared,Yes
1863,109348,Undeclared,No
1864,60956,Undeclared,No
1865,154022,Undeclared,No
1866,155034,Undeclared,No
1867,165644,Undeclared,No
1868,30470,Undeclared,No
1869,30742,Undeclared,No
1870,132172,Undeclared,No
1871,154632,Undeclared,No
1872,182660,Undeclared,No
1873,31900,Undeclared,No
1874,60282,Undeclared,Yes
1875,108848,Undeclared,Yes
1876,177704,Undeclared,Yes
1877,126392,Undeclared,No
1878,70776,Undeclared,No
1879,197976,Undeclared,No
1880,165806,Undeclared,Yes
1881,245222,Undeclared,Yes
1882,203498,Undeclared,Yes
1883,120862,Undeclared,Yes
1884,65400,Undeclared,Yes
1885,273922,Undeclared,Yes
1886,263956,Undeclared,Yes
1887,192620,Undeclared,Yes
1888,75920,Undeclared,No
1889,114270,Undeclared,No
1890,118808,Undeclared,Yes
1891,120458,Undeclared,Yes
1892,129662,Undeclared,No
1893,132118,Undeclared,No
1894,134946,Undeclared,No
1895,131344,Undeclared,No
1896,134266,Undeclared,Yes
1897,68812,Undeclared,Yes
1898,64782,Undeclared,Yes
1899,96648,Undeclared,Yes
1900,76154,Undeclared,Yes
1901,148078,Undeclared,Yes
1902,81962,Undeclared,Yes
1903,129666,Undeclared,Yes
1904,63396,Undeclared,Yes
1905,189942,Undeclared,Yes
1906,198144,Undeclared,Yes
1907,203786,Undeclared,Yes
1908,194510,Undeclared,Yes
1909,208434,Undeclared,Yes
1910,190112,Undeclared,Yes
1911,199954,Undeclared,Yes
1912,194562,Undeclared,Yes
1913,192384,Undeclared,Yes
1914,72754,Undeclared,Yes
1915,124392,Undeclared,Yes
1916,124080,Undeclared,Yes
1917,66048,Undeclared,No
1918,100664,Undeclared,No
1919,180864,Undeclared,No
1920,174906,Undeclared,No
1921,166294,Undeclared,No
1922,41222,Undeclared,No
1923,103268,Undeclared,No
1924,70560,Undeclared,No
1925,114014,Undeclared,No
1926,71714,Undeclared,No
1927,105726,Undeclared,No
1928,78224,Undeclared,No
1929,120186,Undeclared,No
1930,75088,Undeclared,No
1931,119386,Undeclared,No
1932,60836,Undeclared,No
1933,275590,Undeclared,No
1934,43734,Undeclared,No
1935,113952,Undeclared,No
1936,61794,Undeclared,No
1937,159296,Undeclared,No
1938,90830,Undeclared,No
1939,156956,Undeclared,No
1940,169506,Undeclared,No
1941,66502,Undeclared,No
1942,67672,Undeclared,Yes
1943,62058,Undeclared,Yes
1944,62166,Undeclared,Yes
1945,89106,Undeclared,Yes
1946,284606,Undeclared,Yes
1947,279848,Undeclared,Yes
1948,278132,Undeclared,Yes
1949,64390,Undeclared,Yes
1950,121562,Undeclared,Yes
1951,109120,Undeclared,Yes
1952,178832,Undeclared,Yes
1953,197888,Undeclared,Yes
1954,194430,Undeclared,Yes
1955,66620,Undeclared,Yes
1956,78000,Undeclared,Yes
1957,208768,Undeclared,Yes
1958,107916,Undeclared,Yes
1959,200434,Undeclared,Yes
1960,208328,Undeclared,Yes
1961,210644,Undeclared,Yes
1962,123472,Undeclared,Yes
1963,148068,Undeclared,Yes
1964,65352,Undeclared,Yes
1965,208712,Undeclared,Yes
1966,190162,Undeclared,Yes
1967,71442,Undeclared,Yes
1968,259392,Undeclared,Yes
1969,67790,Undeclared,No
1970,72412,Undeclared,No
1971,73712,Undeclared,No
1972,173956,Undeclared,No
1973,234620,Undeclared,No
1974,173824,Undeclared,No
1975,251766,Undeclared,No
1976,189348,Undeclared,No
1977,67708,Undeclared,No
1978,153468,Undeclared,Yes
1979,65452,Undeclared,Yes
1980,153826,Undeclared,Yes
1981,72222,Undeclared,Yes
1982,77964,Undeclared,Yes
1983,161470,Undeclared,Yes
1984,67814,Undeclared,Yes
1985,265048,Undeclared,No
1986,267314,Undeclared,No
1987,203478,Undeclared,No
1988,265100,Undeclared,No
1989,97332,Undeclared,No
1990,105634,Undeclared,No
1991,114750,Undeclared,No
1992,75812,Undeclared,Yes
1993,122222,Undeclared,Yes
1994,125490,Undeclared,Yes
1995,124118,Undeclared,No
1996,67008,Undeclared,No
1997,262570,Undeclared,No
1998,159346,Undeclared,No
1999,203894,Undeclared,No
2000,68834,Undeclared,Yes
2001,199666,Undeclared,Yes
2002,190552,Undeclared,Yes
2003,192076,Undeclared,Yes
2004,78444,Undeclared,No
2005,83002,Undeclared,Yes
2006,115990,Undeclared,Yes
2007,118124,Undeclared,No
2008,180184,Undeclared,No
2009,142002,Undeclared,No
2010,62726,Undeclared,No
2011,64620,Undeclared,No
2012,196626,Undeclared,No
2013,205730,Undeclared,No
2014,80386,Undeclared,No
2015,131148,Undeclared,No
2016,194074,Undeclared,No
2017,195856,Undeclared,No
2018,107262,Undeclared,No
2019,88152,Undeclared,No
2020,105236,Undeclared,No
2021,279572,Undeclared,No
2022,34162,Undeclared,No
2023,166106,Undeclared,No
2024,222338,Undeclared,No
2025,209222,Undeclared,No
2026,69718,Undeclared,No
2027,33292,Undeclared,No
2028,33676,Undeclared,No
2029,132526,Undeclared,No
2030,45464,Undeclared,No
2031,129870,Undeclared,No
2032,132206,Undeclared,No
2033,105358,Undeclared,No
2034,109002,Undeclared,No
2035,113822,Undeclared,No
2036,185718,Undeclared,No
2037,187474,Undeclared,No
2038,54626,Undeclared,Yes
2039,57822,Undeclared,Yes
2040,190222,Undeclared,Yes
2041,47970,Undeclared,Yes
2042,77372,Undeclared,Yes
2043,189648,Undeclared,Yes
2044,88664,Undeclared,Yes
2045,93016,Undeclared,Yes
2046,277934,Undeclared,Yes
2047,203640,Undeclared,Yes
2048,121444,Undeclared,No
2049,107112,Undeclared,No
2050,112560,Undeclared,Yes
2051,120370,Undeclared,Yes
2052,77732,Undeclared,Yes
2053,205898,Undeclared,No
2054,176586,Undeclared,Yes
2055,207436,Undeclared,Yes
2056,207954,Undeclared,Yes
2057,72544,Undeclared,No
2058,93186,Undeclared,No
2059,77990,Undeclared,No
2060,177710,Undeclared,No
2061,175594,Undeclared,No
2062,67714,Undeclared,No
2063,74312,Undeclared,No
2064,125358,Undeclared,No
2065,149936,Undeclared,No
2066,80550,Undeclared,No
2067,109124,Undeclared,No
2068,67516,Undeclared,No
2069,106880,Undeclared,No
2070,66680,Undeclared,No
2071,151680,Undeclared,No
2072,140348,Undeclared,No
2073,29700,Undeclared,No
2074,225340,Undeclared,No
2075,261884,Undeclared,No
2076,209166,Undeclared,No
2077,61086,Undeclared,No
2078,173658,Undeclared,No
2079,78330,Undeclared,No
2080,61434,Undeclared,No
2081,68952,Undeclared,No
2082,278950,Undeclared,No
2083,186238,Undeclared,No
2084,61004,Undeclared,Yes
2085,77568,Undeclared,Yes
2086,210430,Undeclared,Yes
2087,66596,Undeclared,Yes
2088,174184,Undeclared,Yes
2089,209420,Undeclared,No
2090,221586,Undeclared,No
2091,120786,Undeclared,No
2092,235794,Undeclared,Yes
2093,99650,Undeclared,No
2094,75582,Undeclared,No
2095,166318,Undeclared,No
2096,274388,Undeclared,No
2097,253766,Undeclared,No
2098,62198,Undeclared,No
2099,172750,Undeclared,No
2100,112454,Undeclared,No
2101,201778,Undeclared,No
2102,231714,Undeclared,No
2103,116750,Undeclared,No
2104,99466,Undeclared,No
2105,188082,Undeclared,No
2106,38288,Undeclared,No
2107,38754,Undeclared,No
2108,29754,Undeclared,No
2109,219406,Undeclared,Yes
2110,61686,Undeclared,Yes
2111,61736,Undeclared,Yes
2112,50246,Undeclared,Yes
2113,172768,Undeclared,Yes
2114,98368,Undeclared,Yes
2115,31770,Undeclared,Yes
2116,228994,Undeclared,Yes
2117,50006,Undeclared,Yes
2118,168084,Undeclared,Yes
2119,104664,Undeclared,Yes
2120,208880,Undeclared,Yes
2121,181632,Undeclared,Yes
2122,199258,Undeclared,Yes
2123,76704,Undeclared,Yes
2124,183002,Undeclared,Yes
2125,77476,Undeclared,Yes
2126,205272,Undeclared,Yes
2127,143194,Undeclared,Yes
2128,65062,Undeclared,No
2129,106394,Undeclared,No
2130,51730,Undeclared,No
2131,111966,Undeclared,Yes
2132,112016,Undeclared,Yes
2133,126238,Undeclared,No
2134,119190,Undeclared,Yes
2135,118360,Undeclared,Yes
2136,119910,Undeclared,Yes
2137,119450,Undeclared,Yes
2138,115566,Undeclared,Yes
2139,133152,Undeclared,No
2140,133556,Undeclared,No
2141,78184,Undeclared,No
2142,163448,Undeclared,No
2143,77412,Undeclared,No
2144,133336,Undeclared,No
2145,125172,Undeclared,No
2146,132468,Undeclared,No
2147,77116,Undeclared,No
2148,279266,Undeclared,No
2149,155694,Undeclared,No
2150,162964,Undeclared,No
2151,114216,Undeclared,No
2152,249440,Undeclared,No
2153,243614,Undeclared,No
2154,120188,Undeclared,Yes
2155,111364,Undeclared,Yes
2156,194540,Undeclared,Yes
2157,199924,Undeclared,Yes
2158,120514,Undeclared,Yes
2159,110122,Undeclared,Yes
2160,180268,Undeclared,Yes
2161,150530,Undeclared,Yes
2162,282492,Undeclared,Yes
2163,168896,Undeclared,Yes
2164,111084,Undeclared,Yes
2165,132236,Undeclared,No
2166,175746,Undeclared,No
2167,155266,Undeclared,No
2168,180448,Undeclared,Yes
2169,75104,Undeclared,Yes
2170,203154,Undeclared,Yes
2171,216704,Undeclared,Yes
2172,176544,Undeclared,No
2173,244556,Undeclared,No
2174,65364,Undeclared,No
2175,149480,Undeclared,No
2176,126546,Undeclared,No
2177,171610,Undeclared,No
2178,210586,Undeclared,No
2179,205838,Undeclared,No
2180,108958,Undeclared,No
2181,108386,Undeclared,No
2182,68616,Undeclared,Yes
2183,259140,Undeclared,Yes
2184,68554,Undeclared,Yes
2185,62028,Undeclared,Yes
2186,257346,Undeclared,Yes
2187,216642,Undeclared,Yes
2188,77878,Undeclared,Yes
2189,71870,Undeclared,Yes
2190,217004,Undeclared,Yes
2191,78362,Undeclared,Yes
2192,78360,Undeclared,Yes
2193,66854,Undeclared,Yes
2194,183946,Undeclared,Yes
2195,62642,Undeclared,Yes
2196,66206,Undeclared,No
2197,65486,Undeclared,Yes
2198,66038,Undeclared,Yes
2199,147604,Undeclared,No
2200,65938,Undeclared,Yes
2201,50766,Undeclared,Yes
2202,85602,Undeclared,No
2203,67382,Undeclared,No
2204,85342,Undeclared,No
2205,216636,Undeclared,No
2206,278876,Undeclared,No
2207,195928,Undeclared,No
2208,116318,Undeclared,No
2209,170586,Undeclared,No
2210,190874,Undeclared,No
2211,93638,Undeclared,Yes
2212,208832,Undeclared,No
2213,61584,Undeclared,No
2214,61988,Undeclared,No
2215,195196,Undeclared,No
2216,208508,Undeclared,Yes
2217,183456,Undeclared,Yes
2218,62056,Undeclared,Yes
2219,61976,Undeclared,Yes
2220,198116,Undeclared,Yes
2221,61592,Undeclared,Yes
2222,250620,Undeclared,Yes
2223,205078,Undeclared,Yes
2224,276822,Undeclared,Yes
2225,220936,Undeclared,Yes
2226,181934,Undeclared,Yes
2227,89988,Undeclared,Yes
2228,168124,Undeclared,Yes
2229,65318,Undeclared,Yes
2230,111278,Undeclared,Yes
2231,81184,Undeclared,Yes
2232,182440,Undeclared,Yes
2233,61576,Undeclared,Yes
2234,61354,Undeclared,Yes
2235,62834,Undeclared,Yes
2236,62114,Undeclared,Yes
2237,62108,Undeclared,Yes
2238,283098,Undeclared,Yes
2239,158110,Undeclared,Yes
2240,163860,Undeclared,Yes
2241,176334,Undeclared,Yes
2242,128238,Undeclared,Yes
2243,199940,Undeclared,Yes
2244,194480,Undeclared,Yes
2245,194404,Undeclared,Yes
2246,284616,Undeclared,Yes
2247,65100,Undeclared,Yes
2248,73774,Undeclared,No
2249,117624,Undeclared,No
2250,123820,Undeclared,No
2251,158878,Undeclared,No
2252,199590,Undeclared,No
2253,231488,Undeclared,No
2254,207680,Undeclared,No
2255,13508,Undeclared,No
2256,209288,Undeclared,No
2257,205036,Undeclared,No
2258,202516,Undeclared,No
2259,258276,Undeclared,No
2260,13304,Undeclared,No
2261,77670,Undeclared,No
2262,134884,Undeclared,No
2263,77680,Undeclared,No
2264,156548,Undeclared,No
2265,66010,Undeclared,No
2266,229406,Undeclared,Yes
2267,85630,Undeclared,Yes
2268,207710,Undeclared,Yes
2269,67792,Undeclared,Yes
2270,111950,Undeclared,Yes
2271,76726,Undeclared,No
2272,249246,Undeclared,No
2273,121426,Undeclared,Yes
2274,159184,Undeclared,No
2275,66358,Undeclared,No
2276,66420,Undeclared,Yes
2277,221098,Undeclared,Yes
2278,114698,Undeclared,Yes
2279,74718,Undeclared,Yes
2280,133620,Undeclared,Yes
2281,201402,Undeclared,Yes
2282,175232,Undeclared,Yes
2283,208856,Undeclared,Yes
2284,176552,Undeclared,Yes
2285,110270,Undeclared,Yes
2286,69628,Undeclared,Yes
2287,123936,Undeclared,Yes
2288,118062,Undeclared,Yes
2289,261578,Undeclared,Yes
2290,77862,Undeclared,Yes
2291,66350,Undeclared,Yes
2292,128676,Undeclared,No
2293,159798,Undeclared,No
2294,74500,Undeclared,No
2295,173136,Undeclared,No
2296,171166,Undeclared,No
2297,111802,Undeclared,Yes
2298,106410,Undeclared,Yes
2299,175382,Undeclared,Yes
2300,165658,Undeclared,Yes
2301,208772,Undeclared,Yes
2302,208970,Undeclared,Yes
2303,280970,Undeclared,Yes
2304,76790,Undeclared,Yes
2305,189744,Undeclared,Yes
2306,282782,Undeclared,Yes
2307,282708,Undeclared,Yes
2308,198398,Undeclared,Yes
2309,257740,Undeclared,Yes
2310,192118,Undeclared,Yes
2311,209324,Undeclared,Yes
2312,258258,Undeclared,Yes
2313,257526,Undeclared,Yes
2314,148426,Undeclared,No
2315,182848,Undeclared,Yes
2316,153052,Undeclared,No
2317,131486,Undeclared,No
2318,121392,Undeclared,No
2319,118556,Undeclared,No
2320,66932,Undeclared,No
2321,208196,Undeclared,Yes
2322,261662,Undeclared,Yes
2323,95694,Undeclared,Yes
2324,176232,Undeclared,Yes
2325,123144,Undeclared,Yes
2326,100706,Undeclared,Yes
2327,96026,Undeclared,Yes
2328,120012,Undeclared,Yes
2329,105124,Undeclared,Yes
2330,124244,Undeclared,Yes
2331,115658,Undeclared,Yes
2332,74934,Undeclared,Yes
2333,76384,Undeclared,Yes
2334,67916,Undeclared,Yes
2335,74674,Undeclared,Yes
2336,72662,Undeclared,Yes
2337,123538,Undeclared,Yes
2338,66028,Undeclared,Yes
2339,66440,Undeclared,Yes
2340,43640,Undeclared,Yes
2341,220070,Undeclared,Yes
2342,217104,Undeclared,Yes
2343,250968,Undeclared,Yes
2344,238568,Undeclared,Yes
2345,123358,Undeclared,No
2346,186758,Undeclared,No
2347,134952,Undeclared,No
2348,199492,Undeclared,No
2349,73740,Undeclared,No
2350,161114,Undeclared,No
2351,201160,Undeclared,No
2352,239696,Undeclared,No
2353,144150,Undeclared,No
2354,43122,Undeclared,No
2355,156200,Undeclared,No
2356,162828,Undeclared,No
2357,115778,Undeclared,No
2358,177492,Undeclared,Yes
2359,99638,Undeclared,Yes
2360,186444,Undeclared,Yes
2361,199622,Undeclared,Yes
2362,198484,Undeclared,Yes
2363,194432,Undeclared,Yes
2364,202880,Undeclared,Yes
2365,153978,Undeclared,Yes
2366,152358,Undeclared,Yes
2367,199930,Undeclared,Yes
2368,194440,Undeclared,Yes
2369,201034,Undeclared,Yes
2370,200230,Undeclared,Yes
2371,201370,Undeclared,Yes
2372,200316,Undeclared,Yes
2373,198342,Undeclared,Yes
2374,192344,Undeclared,Yes
2375,200266,Undeclared,Yes
2376,201114,Undeclared,Yes
2377,194436,Undeclared,Yes
2378,194418,Undeclared,Yes
2379,194422,Undeclared,Yes
2380,96548,Undeclared,Yes
2381,171186,Undeclared,Yes
2382,198572,Undeclared,Yes
2383,199782,Undeclared,Yes
2384,200016,Undeclared,Yes
2385,135748,Undeclared,Yes
2386,68394,Undeclared,Yes
2387,200518,Undeclared,Yes
2388,121466,Undeclared,No
2389,196390,Undeclared,No
2390,197818,Undeclared,No
2391,77494,Undeclared,Yes
2392,165696,Undeclared,Yes
2393,96172,Undeclared,Yes
2394,80304,Undeclared,Yes
2395,245326,Undeclared,Yes
2396,191674,Undeclared,Yes
2397,229190,Undeclared,Yes
2398,127362,Undeclared,Yes
2399,168982,Undeclared,Yes
2400,202858,Undeclared,Yes
2401,233776,Undeclared,Yes
2402,112544,Undeclared,Yes
2403,207752,Undeclared,Yes
2404,203888,Undeclared,Yes
2405,100228,Undeclared,No
2406,136934,Undeclared,No
2407,157272,Undeclared,No
2408,158504,Undeclared,No
2409,73728,Undeclared,No
2410,255664,Undeclared,No
2411,128356,Undeclared,No
2412,109482,Undeclared,Yes
2413,56214,Undeclared,Yes
2414,251798,Undeclared,Yes
2415,266070,Undeclared,Yes
2416,201902,Undeclared,No
2417,277368,Undeclared,No
2418,276750,Undeclared,No
2419,153340,Undeclared,No
2420,152474,Undeclared,No
2421,278442,Undeclared,Yes
2422,161506,Undeclared,Yes
2423,240378,Undeclared,No
2424,174558,Undeclared,No
2425,183836,Undeclared,No
2426,132970,Undeclared,No
2427,126932,Undeclared,No
2428,90052,Undeclared,No
2429,215256,Undeclared,No
2430,198322,Undeclared,No
2431,122832,Undeclared,No
2432,85318,Undeclared,Yes
2433,105658,Undeclared,Yes
2434,107200,Undeclared,No
2435,132702,Undeclared,No
2436,143178,Undeclared,Yes
2437,198720,Undeclared,Yes
2438,199506,Undeclared,Yes
2439,199610,Undeclared,Yes
2440,200398,Undeclared,Yes
2441,208402,Undeclared,Yes
2442,113256,Undeclared,No
2443,119432,Undeclared,Yes
2444,184062,Undeclared,Yes
2445,154102,Undeclared,Yes
2446,117916,Undeclared,No
2447,125386,Undeclared,No
2448,116128,Undeclared,No
2449,115856,Undeclared,Yes
2450,111694,Undeclared,Yes
2451,282740,Undeclared,No
2452,121246,Undeclared,Yes
2453,203144,Undeclared,No
2454,194456,Undeclared,No
2455,45772,Undeclared,No
2456,192142,Undeclared,No
2457,280276,Undeclared,No
2458,65358,Undeclared,Yes
2459,252586,Undeclared,Yes
2460,171150,Undeclared,No
2461,74850,Undeclared,Yes
2462,78460,Undeclared Engineering,No
2463,281002,Undeclared Engineering,No
2464,85728,Undeclared Engineering,No
2465,142902,Undeclared Engineering,No
2466,153506,Undeclared Engineering,No
2467,187350,Undeclared Engineering,Yes
2468,78128,Undeclared Engineering,No
2469,65622,Undeclared Engineering,Yes
2470,64050,Undeclared Engineering,Yes
2471,65544,Undeclared Engineering,No
2472,188954,Undeclared Engineering,Yes
2473,169224,Undeclared Engineering,No
2474,276038,Undeclared Engineering,Yes
2475,147548,Undeclared Engineering,Yes
2476,67478,Undeclared Engineering,No
2477,78212,Undeclared Engineering,No
2478,281928,Undeclared Engineering,No
2479,63234,Undeclared Engineering,No
2480,176212,Undeclared Engineering,No
2481,251006,Undeclared Engineering,No
2482,163582,Undeclared Engineering,No
2483,109010,Undeclared Engineering,Yes
2484,60316,Undeclared Engineering,No
2485,97074,Undeclared Engineering,No
2486,200764,Undeclared Engineering,No
2487,199530,Undeclared Engineering,No
2488,183004,Undeclared Engineering,No
2489,66194,Undeclared Engineering,No
2490,45218,Undeclared Engineering,Yes
2491,160572,Undeclared Engineering,Yes
2492,197848,Undeclared Engineering,No
2493,157376,Undeclared Engineering,Yes
2494,208950,Undeclared Engineering,Yes
2495,116548,Undeclared Engineering,No
2496,62408,Undeclared Engineering,No
2497,236608,Undeclared Engineering,No
2498,64124,Undeclared Engineering,Yes
2499,50892,Undeclared Engineering,Yes
2500,189444,Undeclared Engineering,Yes
2501,65228,Undeclared Engineering,No
2502,153010,Undeclared Engineering,No
2503,164682,Undeclared Engineering,Yes
2504,243622,Undeclared Engineering,Yes
2505,119478,Undeclared Engineering,Yes
2506,83622,Undeclared Engineering,Yes
2507,176610,Undeclared Engineering,Yes
2508,194552,Undeclared Engineering,Yes
2509,189096,Undeclared Engineering,Yes
2510,142646,Undeclared Engineering,Yes
2511,61126,Undeclared Engineering,No
2512,140050,Undeclared Engineering,No
2513,61842,Undeclared Engineering,No
2514,67302,Undeclared Engineering,No
2515,85176,Undeclared Engineering,No
2516,281362,Undeclared Engineering,No
2517,252946,Undeclared Engineering,Yes
2518,93786,Undeclared Engineering,No
2519,54582,Undeclared Engineering,Yes
2520,114178,Undeclared Engineering,Yes
2521,184790,Undeclared Engineering,No
2522,83326,Undeclared Engineering,Yes
2523,209168,Undeclared Engineering,Yes
2524,239724,Undeclared Engineering,Yes
2525,107470,Undeclared Engineering,Yes
2526,253548,Undeclared Engineering,Yes
2527,149946,Undeclared Engineering,No
2528,266958,Undeclared Natural Sciences,Yes
2529,157288,Undeclared Natural Sciences,No
2530,109344,Undeclared Natural Sciences,No
2531,159872,Undeclared Natural Sciences,Yes
2532,153722,Undeclared Natural Sciences,Yes
2533,95058,Undeclared Natural Sciences,No
2534,268606,Undeclared Natural Sciences,Yes
2535,199186,Undeclared Natural Sciences,Yes
2536,125980,Undeclared Natural Sciences,No
2537,29862,Undeclared Natural Sciences,No
2538,121266,Undeclared Natural Sciences,Yes
2539,75096,Undeclared Natural Sciences,Yes
2540,282734,Undeclared Natural Sciences,No
2541,77938,Undeclared Natural Sciences,Yes
2542,199938,Undeclared Natural Sciences,Yes
2543,73640,Undeclared Natural Sciences,Yes
2544,282720,Undeclared Natural Sciences,Yes
2545,70934,Undeclared Natural Sciences,No
2546,75586,Undeclared Natural Sciences,Yes
2547,190414,Undeclared Natural Sciences,No
2548,106730,Undeclared Natural Sciences,No
2549,68636,Undeclared Natural Sciences,No
2550,94888,Undeclared Natural Sciences,No
2551,250270,Undeclared Natural Sciences,No
2552,64048,Undeclared Natural Sciences,No
2553,139512,Undeclared Natural Sciences,No
2554,49040,Undeclared Natural Sciences,No
2555,48568,Undeclared Natural Sciences,No
2556,50352,Undeclared Natural Sciences,Yes
2557,37964,Undeclared Natural Sciences,Yes
2558,184838,Undeclared Natural Sciences,Yes
2559,65812,Undeclared Natural Sciences,Yes
2560,249380,Undeclared Natural Sciences,No
2561,62594,Undeclared Natural Sciences,No
2562,157436,Undeclared Natural Sciences,No
2563,150780,Undeclared Natural Sciences,Yes
2564,179234,Undeclared Natural Sciences,No
2565,84726,Undeclared Natural Sciences,No
2566,67142,Undeclared Natural Sciences,No
2567,84686,Undeclared Natural Sciences,No
2568,61400,Undeclared Natural Sciences,Yes
2569,61510,Undeclared Natural Sciences,Yes
2570,194522,Undeclared Natural Sciences,Yes
2571,65246,Undeclared Natural Sciences,No
2572,116928,Undeclared Natural Sciences,No
2573,46020,Undeclared Natural Sciences,Yes
2574,68300,Undeclared Natural Sciences,Yes
2575,175024,Undeclared Natural Sciences,No
2576,234356,Undeclared Natural Sciences,No
2577,161948,Undeclared Natural Sciences,Yes
2578,248852,Undeclared Natural Sciences,Yes
2579,119808,Undeclared Natural Sciences,Yes
2580,115820,Undeclared Natural Sciences,Yes
2581,77580,Undeclared Natural Sciences,Yes
2582,76606,Undeclared Natural Sciences,Yes
2583,162856,Undeclared Natural Sciences,No
2584,180728,Undeclared Natural Sciences,No
2585,138604,Undeclared SSHA,No
2586,135268,Undeclared SSHA,No
2587,281578,Undeclared SSHA,No
2588,164136,Undeclared SSHA,No
2589,83206,Undeclared SSHA,No
2590,142370,Undeclared SSHA,No
2591,157614,Undeclared SSHA,No
2592,78356,Undeclared SSHA,No
2593,66282,Undeclared SSHA,No
2594,99180,Undeclared SSHA,No
2595,78210,Undeclared SSHA,Yes
2596,219980,Undeclared SSHA,No
2597,29832,Undeclared SSHA,No
2598,67792,Undeclared SSHA,Yes
2599,189186,Undeclared SSHA,Yes
2600,262088,Undeclared SSHA,Yes
2601,105454,Undeclared SSHA,No
2602,114214,Undeclared SSHA,No
2603,164296,Undeclared SSHA,No
2604,86408,Undeclared SSHA,Yes
2605,250198,Undeclared SSHA,Yes
2606,67040,Undeclared SSHA,Yes
2607,172654,Undeclared SSHA,Yes
2608,170356,Undeclared SSHA,Yes
2609,162782,Undeclared SSHA,Yes
2610,170856,Undeclared SSHA,Yes
2611,108306,Undeclared SSHA,Yes
2612,229192,Undeclared SSHA,Yes
2613,172802,Undeclared SSHA,Yes
2614,64136,Undeclared SSHA,No
2615,189220,Undeclared SSHA,No
2616,61268,Undeclared SSHA,Yes
2617,158086,Undeclared SSHA,No
2618,59568,Undeclared SSHA,No
2619,60528,Undeclared SSHA,No
2620,60676,Undeclared SSHA,No
2621,161350,Undeclared SSHA,No
2622,55706,Undeclared SSHA,No
2623,31140,Undeclared SSHA,No
2624,60804,Undeclared SSHA,Yes
2625,60508,Undeclared SSHA,Yes
2626,60950,Undeclared SSHA,Yes
2627,60890,Undeclared SSHA,Yes
2628,231688,Undeclared SSHA,No
2629,96060,Undeclared SSHA,Yes
2630,276188,Undeclared SSHA,No
2631,271500,Undeclared SSHA,No
2632,264034,Undeclared SSHA,Yes
2633,159720,Undeclared SSHA,Yes
2634,65430,Undeclared SSHA,Yes
2635,144554,Undeclared SSHA,Yes
2636,60722,Undeclared SSHA,No
2637,68916,Undeclared SSHA,No
2638,61610,Undeclared SSHA,No
2639,136164,Undeclared SSHA,No
2640,109318,Undeclared SSHA,No
2641,77150,Undeclared SSHA,Yes
2642,143604,Undeclared SSHA,Yes
2643,109486,Undeclared SSHA,Yes
2644,150688,Undeclared SSHA,No
2645,233386,Undeclared SSHA,Yes
2646,123562,Undeclared SSHA,Yes
2647,74622,Undeclared SSHA,Yes
2648,159656,Undeclared SSHA,Yes
2649,183592,Undeclared SSHA,Yes
2650,67358,Undeclared SSHA,No
2651,137454,Undeclared SSHA,No
2652,136560,Undeclared SSHA,No
2653,69836,Undeclared SSHA,Yes
2654,135188,Undeclared SSHA,No
2655,71254,Undeclared SSHA,No
2656,67410,Undeclared SSHA,No
2657,47064,Undeclared SSHA,No
2658,137414,Undeclared SSHA,No
2659,152934,Undeclared SSHA,No
2660,61844,Undeclared SSHA,No
2661,168984,Undeclared SSHA,No
2662,95266,Undeclared SSHA,No
2663,126928,Undeclared SSHA,No
2664,73688,Undeclared SSHA,No
2665,251712,Undeclared SSHA,Yes
2666,74616,Undeclared SSHA,Yes
2667,232778,Undeclared SSHA,No
2668,237436,Undeclared SSHA,Yes
2669,102518,Undeclared SSHA,No
2670,272472,Undeclared SSHA,Yes
2671,275278,Undeclared SSHA,No
2672,229416,Undeclared SSHA,No
2673,42480,Undeclared SSHA,No
2674,137900,Undeclared SSHA,No
2675,262672,Undeclared SSHA,No
2676,168636,Undeclared SSHA,No
2677,186644,Undeclared SSHA,No
2678,38104,Undeclared SSHA,No
2679,38202,Undeclared SSHA,No
2680,232918,Undeclared SSHA,Yes
2681,153612,Undeclared SSHA,Yes
2682,61972,Undeclared SSHA,No
2683,25948,Undeclared SSHA,No
2684,35248,Undeclared SSHA,Yes
2685,64058,Undeclared SSHA,Yes
2686,75504,Undeclared SSHA,No
2687,74220,Undeclared SSHA,No
2688,136024,Undeclared SSHA,No
2689,67122,Undeclared SSHA,No
2690,158140,Undeclared SSHA,No
2691,165384,Undeclared SSHA,Yes
2692,148280,Undeclared SSHA,Yes
2693,228720,Undeclared SSHA,No
2694,51062,Undeclared SSHA,No
2695,34948,Undeclared SSHA,No
2696,175630,Undeclared SSHA,Yes
2697,142982,Undeclared SSHA,No
2698,112648,Undeclared SSHA,No
2699,77818,Undeclared SSHA,No
2700,106148,Undeclared SSHA,Yes
2701,148130,Undeclared SSHA,Yes
2702,278920,Undeclared SSHA,Yes
2703,62736,Undeclared SSHA,No
2704,62812,Undeclared SSHA,No
2705,62994,Undeclared SSHA,No
2706,49266,Undeclared SSHA,No
2707,164094,Undeclared SSHA,Yes
2708,136254,Undeclared SSHA,Yes
2709,91710,Undeclared SSHA,Yes
2710,137074,Undeclared SSHA,Yes
2711,138320,Undeclared SSHA,Yes
2712,274254,Undeclared SSHA,Yes
2713,216802,Undeclared SSHA,No
2714,77988,Undeclared SSHA,No
2715,75426,Undeclared SSHA,No
2716,157382,Undeclared SSHA,Yes
2717,69682,Undeclared SSHA,Yes
2718,206312,Undeclared SSHA,Yes
2719,99502,Undeclared SSHA,Yes
2720,271892,Undeclared SSHA,Yes
2721,270976,Undeclared SSHA,Yes
2722,272846,Undeclared SSHA,Yes
2723,130532,Undeclared SSHA,Yes
2724,152274,Undeclared SSHA,No
2725,121138,Undeclared SSHA,No
2726,255596,Undeclared SSHA,No
2727,180092,Undeclared SSHA,No
2728,60822,Undeclared SSHA,Yes
2729,70508,Undeclared SSHA,Yes
2730,163844,Undeclared SSHA,No
2731,125750,Undeclared SSHA,No
2732,119498,Undeclared SSHA,Yes
2733,138788,Undeclared SSHA,No
2734,140528,Undeclared SSHA,Yes
2735,64828,Undeclared SSHA,Yes
2736,113476,Undeclared SSHA,Yes
2737,105216,Undeclared SSHA,No
2738,74810,Undeclared SSHA,No
2739,87126,Undeclared SSHA,Yes
2740,263924,Undeclared SSHA,Yes
2741,240726,Undeclared SSHA,Yes
2742,78234,Undeclared SSHA,Yes
2743,260092,Undeclared SSHA,Yes
2744,229588,Undeclared SSHA,No
2745,175542,Undeclared SSHA,Yes
2746,66594,Undeclared SSHA,No
